Title,Release Date,Game Score,Developer,Publisher,Genre,Image URL
Resident Evil 4,"Mar 24, 2023",93,Capcom,Capcom,3D,https://www.gamespot.com/a/uploads/scale_tiny/box/3/4/9/2/565525-873492.jpg
MindSeize,"Feb 7, 2020",74,Kamina Dimension,First Press Games,2D,https://www.gamespot.com/a/uploads/scale_tiny/box/7/4/5/9/483810-677459.jpg
Eiyuden Chronicle: Hundred Heroes,"Apr 21, 2024",79,Rabbit & Bear Studios,505 Games,Role-Playing,https://www.gamespot.com/a/uploads/scale_tiny/box/1/2/5/3/516194-761253.jpg
Forza Horizon 5,"Nov 5, 2021",92,PLAYGROUND,Xbox Game Studios,Simulation,https://www.gamespot.com/a/uploads/scale_tiny/box/3/5/3/0/533238-803530.jpg
Sable,"Sep 23, 2021",76,Shed-Works,Raw Fury,Adventure,https://www.gamespot.com/a/uploads/scale_tiny/box/6/0/6/1/483366-676061.jpg
Prince of Persia: The Lost Crown,"Jan 15, 2024",86,Ubisoft Montpellier,Ubisoft,Action,https://www.gamespot.com/a/uploads/scale_tiny/box/1/6/0/9/590624-941609.jpg
Fight Crab,"Jul 29, 2020",60,Calappa Games,Nussoft,Action,https://www.gamespot.com/a/uploads/scale_tiny/box/5/7/7/2/479392-665772.jpg
Animal Crossing: New Horizons,"Mar 20, 2020",90,Nintendo,Nintendo,Simulation,https://www.gamespot.com/a/uploads/scale_tiny/1593/15930215/3549399-cq5dam.thumbnail.319.319.png
Dragon Ball Z: Kakarot,"Jan 17, 2020",73,CyberConnect2,Bandai Namco Games,Action,https://www.gamespot.com/a/uploads/scale_tiny/box/6/0/4/5/491984-716045.jpg
Oddworld: Soulstorm,"Apr 6, 2021",67,Oddworld Inhabitants,Microids,Action,https://www.gamespot.com/a/uploads/scale_tiny/1593/15930215/3537139-oddworld_soulstorm_logo.gif
Crash Bandicoot 4: It's About Time,"Oct 2, 2020",85,Toys for Bob,Activision,3D,https://www.gamespot.com/a/uploads/scale_tiny/box/7/1/1/3/514271-757113.jpg
Chinatown Detective Agency,"Apr 7, 2022",66,General Interactive Co.,Humble Games,Adventure,https://www.gamespot.com/a/uploads/scale_tiny/box/9/2/5/3/503204-729253.jpg
Fire Emblem Warriors: Three Hopes,"Jun 24, 2022",80,Koei Tecmo Games,Nintendo,3D,https://www.gamespot.com/a/uploads/scale_tiny/box/2/3/9/9/557730-852399.jpg
The Dark Pictures Anthology: Little Hope,"Oct 30, 2020",71,SuperMassive Games,Bandai Namco Games,Third-Person,https://www.gamespot.com/a/bundles/gamespotsite/images/box-art--square.jpg
Fights in Tight Spaces,"Feb 24, 2021",78,Mode 7 Games,Mode 7 Games,Card Game,https://www.gamespot.com/a/uploads/scale_tiny/box/5/9/1/3/509636-745913.jpg
The Good Life,"Oct 15, 2021",50,White Owls,Playism,Role-Playing,https://www.gamespot.com/a/uploads/scale_tiny/box/4/2/6/5/480945-684265.jpg
Super Mario Bros. 35,"Oct 1, 2020",75,Nintendo,Nintendo,2D,https://www.gamespot.com/a/uploads/scale_tiny/box/6/0/8/4/518189-766084.jpg
Disc Room,"Oct 22, 2020",83,Terri,Devolver Digital,Puzzle,https://www.gamespot.com/a/uploads/scale_tiny/box/3/8/2/4/508833-743824.jpg
Blasphemous 2,"Aug 24, 2023",84,The Game Kitchen,Team 17,Action,https://www.gamespot.com/a/uploads/scale_tiny/box/4/4/5/9/537139-814459.jpg
The Forgotten City,"Jul 28, 2021",85,Modern Storyteller,Ubitus,Adventure,https://www.gamespot.com/a/uploads/scale_tiny/box/6/0/4/7/483405-676047.jpg
FIFA 23,"Sep 27, 2022",76,EA Canada,Electronic Arts,Simulation,https://www.gamespot.com/a/uploads/scale_tiny/box/1/1/3/0/567286-881130.jpg
Kirby and the Forgotten Land,"Mar 25, 2022",85,HAL Labs,Nintendo,Platformer,https://www.gamespot.com/a/uploads/scale_tiny/box/8/6/3/3/538660-818633.jpg
Pokemon UNITE,"Jul 21, 2021",70,TiMi Studios,The Pokemon Company,MOBA,https://www.gamespot.com/a/uploads/scale_tiny/box/7/3/5/1/514446-757351.jpg
Ghostbusters: Spirits Unleashed,"Oct 18, 2022",68,IllFonic,IllFonic,Adventure,https://www.gamespot.com/a/uploads/scale_tiny/box/1/3/2/9/561168-861329.jpg
Cursed to Golf,"Aug 18, 2022",80,Chuhai Labs,Thunderful,Golf,https://www.gamespot.com/a/uploads/scale_tiny/box/4/6/2/4/537207-814624.jpg
Destroy All Humans!,"Jul 28, 2020",70,Black Forest Games,THQ Nordic,Adventure,https://www.gamespot.com/a/uploads/scale_tiny/box/5/3/8/6/497565-715386.jpg
Metal: Hellsinger,"Sep 15, 2022",79,The Outsiders,Funcom,3D,https://www.gamespot.com/a/uploads/scale_tiny/box/5/8/0/4/513761-755804.jpg
Sherlock Holmes: Chapter One,"Nov 16, 2021",69,Frogwares,Frogwares,3D,https://www.gamespot.com/a/uploads/scale_tiny/box/3/5/3/9/512765-753539.jpg
Lenna's Inception,"Jan 17, 2020",,Bytten Studio,Bytten Studio,Action,https://www.gamespot.com/a/uploads/scale_tiny/box/7/0/3/5/502361-727035.jpg
New Tales from the Borderlands,"Oct 21, 2022",69,Mass Media,2K Games,Adventure,https://www.gamespot.com/a/uploads/scale_tiny/box/6/7/5/6/563147-866756.jpg
Othercide,"Jul 27, 2020",78,Lightbulb Crew,Focus Home Interactive,Turn-Based,https://www.gamespot.com/a/uploads/scale_tiny/box/5/0/6/0/486620-685060.jpg
Mario Party Superstars,"Oct 29, 2021",80,Nd Cube,Nintendo,Party/Minigame,https://www.gamespot.com/a/uploads/scale_tiny/box/3/8/2/6/533304-803826.jpg
Paradise Killer,"Sep 4, 2020",81,Kaizen Game Works,Fellow Traveller,Adventure,https://www.gamespot.com/a/uploads/scale_tiny/box/6/2/9/6/506065-736296.jpg
Unicorn Overlord,"Mar 8, 2024",87,Vanillaware,Sega,Strategy,https://www.gamespot.com/a/uploads/scale_tiny/box/6/8/5/5/603156-966855.jpg
The King of Fighters XV,"Feb 14, 2022",79,SNK Corporation,SNK Corporation,2D,https://www.gamespot.com/a/uploads/scale_tiny/box/6/2/5/4/490128-806254.jpg
Princess Peach: Showtime!,"Mar 22, 2024",74,Good-Feel,Nintendo,Action,https://www.gamespot.com/a/uploads/scale_tiny/box/4/7/0/2/591679-944702.jpg
Cyber Shadow,"Jan 26, 2021",82,"Aarne ""MekaSkull"" Hunziker",Yacht Club Games,Platformer,https://www.gamespot.com/a/uploads/scale_tiny/box/6/8/6/9/494693-706869.jpg
Marvel's Midnight Suns,"Dec 2, 2022",83,Firaxis Games,2K Games,Strategy,https://www.gamespot.com/a/uploads/scale_tiny/box/3/7/4/7/536957-813747.jpg
Evil Dead: The Game,"May 13, 2022",72,Saber Interactive,Saber Interactive,3D,https://www.gamespot.com/a/uploads/scale_tiny/box/9/7/3/8/523752-779738.jpg
Alan Wake II,"Oct 27, 2023",89,Remedy Entertainment,Epic Games,Survival,https://www.gamespot.com/a/uploads/scale_tiny/box/5/7/8/5/547391-835785.jpg
Back 4 Blood,"Oct 7, 2021",77,Turtle Rock Studios,Warner Bros. Games,3D,https://www.gamespot.com/a/uploads/scale_tiny/box/6/7/3/8/494660-706738.jpg
Fuser,"Nov 9, 2020",81,Harmonix Music Systems,NCSOFT,Music/Rhythm,https://www.gamespot.com/a/uploads/scale_tiny/box/4/1/2/6/508938-744126.jpg
Amnesia: Rebirth,"Sep 15, 2020",80,Frictional Games,Frictional Games,3D,https://www.gamespot.com/a/uploads/scale_tiny/box/4/9/9/0/509250-744990.jpg
Streets of Rage 4,"Apr 30, 2020",84,Seaven Studio,Playdigious,2D,https://www.gamespot.com/a/uploads/scale_tiny/1593/15930215/3582359-keyart_v1.jpg
AEW: Fight Forever,"Jun 29, 2023",64,Yuke's,THQ Nordic,Action,https://www.gamespot.com/a/uploads/scale_tiny/box/5/6/0/6/522054-775606.jpg
NBA 2K23,"Sep 9, 2022",78,2K Games,2K Sports,Basketball,https://www.gamespot.com/a/uploads/scale_tiny/box/9/0/6/5/566801-879065.jpg
Puyo Puyo Tetris 2,"Dec 8, 2020",80,Sega,Sega,Matching/Stacking,https://www.gamespot.com/a/bundles/gamespotsite/images/box-art--square.jpg
Persona 5 Royal,"Mar 31, 2020",95,ATLUS,ATLUS,Role-Playing,https://www.gamespot.com/a/uploads/scale_tiny/1593/15930215/3591396-p5.jpg
Salt and Sacrifice,"May 10, 2022",72,Devoured Studios,Ska Studios,Metroidvania,https://www.gamespot.com/a/uploads/scale_tiny/box/2/7/1/8/533054-802718.jpg
Bayonetta 3,"Oct 28, 2022",86,PlatinumGames,Nintendo,Adventure,https://www.gamespot.com/a/uploads/scale_tiny/box/7/8/2/0/476073-657820.jpg
Overwatch 2,"Oct 4, 2022",79,Blizzard Entertainment,Blizzard Entertainment,Action,https://www.gamespot.com/a/uploads/scale_tiny/1593/15930215/3599758-ow2_logo_dark.png
Signalis,"Oct 27, 2022",81,rose-engine,Humble Games,Adventure,https://www.gamespot.com/a/uploads/scale_tiny/box/7/6/8/6/510280-747686.jpg
The Solitaire Conspiracy,"Oct 6, 2020",70,Mike Bithell,Mike Bithell,Trivia/Board Game,https://www.gamespot.com/a/uploads/scale_tiny/box/8/5/6/5/519287-768565.jpg
Assassin's Creed Valhalla,"Nov 10, 2020",80,Ubisoft Montreal,Ubisoft,Action,https://www.gamespot.com/a/uploads/scale_tiny/1593/15930215/3667159-5e84a5065cdf9a21c0b4e737.jpg
Hitman 3,"Jan 20, 2021",87,Io Interactive,Io Interactive,Action,https://www.gamespot.com/a/uploads/scale_tiny/box/5/7/7/2/513791-755772.jpg
Tom Clancy's Rainbow Six Extraction,"Jan 20, 2022",73,Ubisoft Montreal,Ubisoft,Action,https://www.gamespot.com/a/uploads/scale_tiny/box/5/8/1/2/497714-715812.jpg
13 Sentinels: Aegis Rim,"Sep 22, 2020",85,Vanillaware,ATLUS,Adventure,https://www.gamespot.com/a/bundles/gamespotsite/images/box-art--square.jpg
Children of the Sun,"Apr 9, 2024",81,Rene Rother,Devolver Digital,Action,https://www.gamespot.com/a/uploads/scale_tiny/box/8/7/3/4/616458-998734.jpg
Bravely Default II,"Feb 26, 2021",76,Claytech Works,Square Enix,Role-Playing,https://www.gamespot.com/a/uploads/scale_tiny/box/5/9/8/2/505924-735982.jpg
The Talos Principle 2,"Nov 2, 2023",88,Croteam,Devolver Digital,First-Person,https://www.gamespot.com/a/uploads/scale_tiny/box/8/3/9/4/589431-938394.jpg
Diablo IV,"Jun 6, 2023",86,Blizzard Entertainment,Blizzard Entertainment,Action,https://www.gamespot.com/a/uploads/scale_tiny/1593/15930215/3599633-diablo_iv_logo.jpg
Spiritfarer,"Aug 18, 2020",84,Thunder Lotus Games,Netflix,Adventure,https://www.gamespot.com/a/uploads/scale_tiny/box/5/6/1/8/497656-715618.jpg
Midnight Fight Express,"Aug 23, 2022",76,Jacob Dzwinel,Limited Run Games,Beat-'Em-Up,https://www.gamespot.com/a/uploads/scale_tiny/box/5/5/4/1/517937-765541.jpg
Escape Academy,"Jun 28, 2022",79,Coin Crew Games,iam8bit,3D,https://www.gamespot.com/a/uploads/scale_tiny/box/0/1/5/7/560693-860157.jpg
Voice of Cards: The Isle Dragon Roars,"Oct 28, 2021",75,A-lim,Square Enix,Card Game,https://www.gamespot.com/a/uploads/scale_tiny/box/6/0/5/4/537720-816054.jpg
It Takes Two,"Mar 26, 2021",88,Hazelight,Electronic Arts,Adventure,https://www.gamespot.com/a/uploads/scale_tiny/box/6/8/6/9/514264-756869.jpg
Avatar: Frontiers of Pandora,"Dec 7, 2023",72,Massive Entertainment,Ubisoft,Action,https://www.gamespot.com/a/uploads/scale_tiny/box/7/4/1/6/471775-647416.jpg
Hatsune Miku: Project Diva MegaMix,"May 15, 2020",79,Sega AM2,Sega,Music/Rhythm,https://www.gamespot.com/a/uploads/scale_tiny/box/5/2/0/9/499513-725209.jpg
Contra: Operation Galuga,"Mar 12, 2024",70,WayForward,Konami,Action,https://www.gamespot.com/a/uploads/scale_tiny/box/6/8/5/4/603155-966854.jpg
Unpacking,"Nov 2, 2021",83,Witch Beam,Humble Games,Puzzle,https://www.gamespot.com/a/uploads/scale_tiny/box/3/3/6/8/501039-723368.jpg
Vampire: The Masquerade - Shadows of New York,"Sep 10, 2020",64,Draw Distance,Draw Distance,Adventure,https://www.gamespot.com/a/uploads/scale_tiny/box/8/2/7/5/510516-748275.jpg
Persona 5 Tactica,"Nov 17, 2023",74,P-Studio,ATLUS,Turn-Based,https://www.gamespot.com/a/uploads/scale_tiny/box/2/4/6/8/590946-942468.jpg
Mortal Kombat 1,"Sep 14, 2023",83,NetherRealm Studios,Warner Bros. Games,2D,https://www.gamespot.com/a/uploads/scale_tiny/box/2/1/3/3/583167-922133.jpg
Serious Sam 4: Planet Badass,"Sep 24, 2020",68,Croteam,Devolver Digital,3D,https://www.gamespot.com/a/uploads/scale_tiny/box/9/8/8/7/481108-669887.jpg
Disney Illusion Island,"Jul 28, 2023",73,Dlala Studios,Disney Interactive Studios,Action,https://www.gamespot.com/a/uploads/scale_tiny/box/1/6/0/1/571853-891601.jpg
A Plague Tale: Requiem,"Oct 17, 2022",82,Asobo Studio,Focus Entertainment,Action,https://www.gamespot.com/a/uploads/scale_tiny/box/3/2/8/1/533232-803281.jpg
Theatrhythm Final Bar Line,"Feb 16, 2023",87,Indies Zero,Square Enix,Music/Rhythm,https://www.gamespot.com/a/uploads/scale_tiny/box/2/0/0/5/572018-892005.jpg
Sakuna: Of Rice and Ruin,"Nov 10, 2020",80,Edelweiss,Xseed Games,Role-Playing,https://www.gamespot.com/a/uploads/scale_tiny/box/2/9/9/1/465264-632991.jpg
HYPER DEMON,"Sep 19, 2022",88,Sorath,Sorath,Action,https://www.gamespot.com/a/uploads/scale_tiny/box/3/5/6/8/572474-893568.jpg
Journey to the Savage Planet,"Jan 28, 2020",74,Typhoon Studios,505 Games,Adventure,https://www.gamespot.com/a/uploads/scale_tiny/1593/15930215/3536140-unknown.jpg
Mass Effect Legendary Edition,"May 14, 2021",87,BioWare,Electronic Arts,Compilation,https://www.gamespot.com/a/uploads/scale_tiny/box/5/2/3/4/521879-775234.jpg
No Straight Roads,"Aug 25, 2020",70,Metronomik,Sold Out,Adventure,https://www.gamespot.com/a/uploads/scale_tiny/1197/11970954/3504178-nsr.jpg
Octopath Traveler II,"Feb 24, 2023",85,Acquire,Square Enix,Role-Playing,https://www.gamespot.com/a/uploads/scale_tiny/box/2/0/0/3/572016-892003.jpg
Open Roads,"Mar 28, 2024",67,Open Roads Team,Annapurna Interactive,Adventure,https://www.gamespot.com/a/uploads/scale_tiny/box/9/7/1/5/523748-779715.jpg
Valiant Hearts: Coming Home,"Feb 1, 2023",73,Old Skull Games,Netflix,2D,https://www.gamespot.com/a/uploads/scale_tiny/box/8/9/6/9/577614-908969.jpg
Like a Dragon: Infinite Wealth,"Jan 26, 2024",89,Ryu ga Gotoku Studios,Sega,Role-Playing,https://www.gamespot.com/a/uploads/scale_tiny/box/2/2/3/4/590944-892234.jpg
Tony Hawk's Pro Skater 1 + 2,"Sep 4, 2020",89,Turn Me Up Games,Activision,Sports,https://www.gamespot.com/a/uploads/scale_tiny/box/2/0/4/2/512164-752042.jpg
Harold Halibut,"Apr 16, 2024",69,Slow Bros.,Slow Bros.,Adventure,https://www.gamespot.com/a/uploads/scale_tiny/box/7/1/1/6/479695-677116.jpg
NORCO,"Mar 24, 2022",89,Geography of Robots,Raw Fury,Adventure,https://www.gamespot.com/a/uploads/scale_tiny/box/8/6/7/5/507051-738675.jpg
"El Paso, Elsewhere","Sep 26, 2023",78,Strange Scaffold,Strange Scaffold,Action,https://www.gamespot.com/a/uploads/scale_tiny/box/2/1/1/6/532811-802116.jpg
The Mageseeker: A League of Legends Story,"Apr 18, 2023",78,Digital Sun,Riot Forge,Action,https://www.gamespot.com/a/uploads/scale_tiny/box/0/3/0/9/582540-920309.jpg
Tales of Arise,"Sep 10, 2021",87,Bandai Namco Games,Bandai Namco Games,Role-Playing,https://www.gamespot.com/a/uploads/scale_tiny/box/5/6/4/5/497663-715645.jpg
Metroid Dread,"Oct 8, 2021",88,Mercury Steam,Nintendo,Metroidvania,https://www.gamespot.com/a/uploads/scale_tiny/box/3/8/2/7/533305-803827.jpg
Hot Wheels Unleashed 2: Turbocharged,"Oct 16, 2023",77,Milestone S.r.l,Milestone S.r.l,Arcade,https://www.gamespot.com/a/uploads/scale_tiny/box/9/5/2/6/589832-939526.jpg
Life is Strange: Before the Storm,"Feb 1, 2022",77,Deck Nine Games,Square Enix,Action,https://www.gamespot.com/a/uploads/scale_tiny/1197/11970954/3246170-zyiyuyzk.jpg
Persona 5 Strikers,"Feb 19, 2021",83,Omega Force,ATLUS,Role-Playing,https://www.gamespot.com/a/uploads/scale_tiny/box/9/5/9/6/495829-709596.jpg
Two Point Campus,"Aug 9, 2022",83,Two Point Studios,Sega,Management,https://www.gamespot.com/a/uploads/scale_tiny/box/2/7/2/1/533055-802721.jpg
Inscryption,"Oct 19, 2021",85,Daniel Mullins Games,Devolver Digital,Card Game,https://www.gamespot.com/a/uploads/scale_tiny/box/3/2/1/9/517014-763219.jpg
Advance Wars 1 + 2: Re-Boot Camp,"Apr 21, 2023",83,WayForward,Nintendo,Strategy,https://www.gamespot.com/a/uploads/scale_tiny/box/3/8/3/8/533310-803838.jpg
Mortal Shell,"Aug 18, 2020",76,Cold Symmetry,PlayStack,Role-Playing,https://www.gamespot.com/a/uploads/scale_tiny/box/7/5/3/6/510197-747536.jpg
Resident Evil Village,"May 7, 2021",84,Capcom,Capcom,3D,https://www.gamespot.com/a/uploads/scale_tiny/box/5/7/7/9/513797-755779.jpg
The Stanley Parable: Ultra Deluxe,"Apr 27, 2022",90,Crows Crows Crows,Crows Crows Crows,3D,https://www.gamespot.com/a/uploads/scale_tiny/box/4/2/0/8/192284-694208.jpg
Ori and the Will of the Wisps,"Mar 11, 2020",90,Mon Studios,iam8bit,Metroidvania,https://www.gamespot.com/a/uploads/scale_tiny/1576/15769789/3246500-oritop.jpg
NBA 2K21,"Sep 3, 2020",68,Visual Concepts,2K Games,Arcade,https://www.gamespot.com/a/uploads/scale_tiny/box/5/7/7/5/513794-755775.jpg
Treachery in Beatdown City,"Mar 30, 2020",64,Nuchallenger,Nuchallenger,Action,https://www.gamespot.com/a/uploads/scale_tiny/1440/14409144/2230808-default-art--square.jpg
Weird West,"Mar 31, 2022",76,Devolver Digital,Devolver Digital,Role-Playing,https://www.gamespot.com/a/uploads/scale_tiny/box/5/9/8/7/505929-735987.jpg
Granblue Fantasy: Versus,"Mar 3, 2020",78,Arc System Works,Xseed Games,2D,https://www.gamespot.com/a/uploads/scale_tiny/1593/15930215/3540552-gran.gif
Death Come True,"Jun 24, 2020",75,Too Kyo Games,Izanagi Games,Adventure,https://www.gamespot.com/a/uploads/scale_tiny/box/6/1/4/0/505753-736140.jpg
Eiyuden Chronicle: Rising,"May 10, 2022",71,NATSUME ATARI Inc.,505 Games,Role-Playing,https://www.gamespot.com/a/uploads/scale_tiny/box/3/2/8/7/533236-803287.jpg
MLB The Show 22,"Apr 1, 2022",77,Sony Interactive Entertainment San Diego Studio,Sony Interactive Entertainment,Baseball,https://www.gamespot.com/a/uploads/scale_tiny/box/0/7/5/8/556693-850758.jpg
Evil Genius 2: World Domination,"Mar 30, 2021",75,Rebellion,Rebellion,Strategy,https://www.gamespot.com/a/uploads/scale_tiny/box/3/2/8/3/497272-713283.jpg
Dead Island 2,"Apr 21, 2023",73,Deep Silver Dambuster Studios,PLAION,3D,https://www.gamespot.com/a/uploads/scale_tiny/1197/11970954/2556638-14384067381_91c642f333_o.jpg
Umurangi Generation,"May 19, 2020",81,ORIGAME DIGITAL,ORIGAME DIGITAL,VR,https://www.gamespot.com/a/uploads/scale_tiny/box/3/8/4/4/508841-743844.jpg
Bear and Breakfast,"Jul 28, 2022",72,Gummy Cat,Armor Games,Management,https://www.gamespot.com/a/uploads/scale_tiny/box/3/8/6/7/517329-763867.jpg
Before Your Eyes,"Apr 8, 2021",77,GoodbyeWorld Games,Netflix,VR,https://www.gamespot.com/a/uploads/scale_tiny/box/1/3/9/6/508161-741396.jpg
In Other Waters,"Apr 3, 2020",78,Jump Over The Age,Fellow Traveller,Adventure,https://www.gamespot.com/a/uploads/scale_tiny/box/1/0/0/2/485059-681002.jpg
The Dark Pictures Anthology: House of Ashes,"Oct 22, 2021",72,SuperMassive Games,Bandai Namco Games,3D,https://www.gamespot.com/a/uploads/scale_tiny/box/4/1/2/5/521489-774125.jpg
Cloudpunk,"Apr 23, 2020",73,ION LANDS,ION LANDS,Adventure,https://www.gamespot.com/a/uploads/scale_tiny/box/1/6/3/9/489149-691639.jpg
The Pathless,"Nov 12, 2020",77,Giant Squid,Annapurna Interactive,Action,https://www.gamespot.com/a/uploads/scale_tiny/1593/15930215/3594076-screen%20shot%202019-10-18%20at%209.32.30%20am.png
MLB The Show 24,"Mar 15, 2024",80,Sony Interactive Entertainment San Diego Studio,MLBAM,Baseball,https://www.gamespot.com/a/uploads/scale_tiny/box/7/9/9/0/616202-997990.jpg
Chicory: A Colorful Tale,"Jun 10, 2021",90,Greg Lobanov,Finji,Adventure,https://www.gamespot.com/a/uploads/scale_tiny/box/3/7/8/6/501181-723786.jpg
Fire Emblem Engage,"Jan 20, 2023",80,Intelligent Systems,Nintendo,Turn-Based,https://www.gamespot.com/a/uploads/scale_tiny/box/1/9/9/5/572012-891995.jpg
Desperados III,"Jun 16, 2020",86,Mimimi Productions,THQ Nordic,Strategy,https://www.gamespot.com/a/uploads/scale_tiny/box/3/5/2/2/486056-683522.jpg
Valorant,"Jun 2, 2020",80,Riot Games,Riot Games,Action,https://www.gamespot.com/a/uploads/scale_tiny/1593/15930215/3682945-screen%20shot%202020-06-12%20at%2010.56.41%20am.png
Riders Republic,"Oct 28, 2021",77,Ubisoft,Ubisoft,Sports,https://www.gamespot.com/a/uploads/scale_tiny/box/6/9/7/6/518603-766976.jpg
Maneater,"May 22, 2020",70,Blindside Interactive,Tripwire Interactive,Action,https://www.gamespot.com/a/uploads/scale_tiny/box/8/7/0/0/467444-638700.jpg
Olija,"Jan 28, 2021",77,Skeleton Crew Studio,Devolver Digital,Platformer,https://www.gamespot.com/a/uploads/scale_tiny/box/1/9/1/5/485429-681915.jpg
Lost in Random,"Sep 10, 2021",78,Zoink!,Electronic Arts,Action,https://www.gamespot.com/a/uploads/scale_tiny/box/5/5/4/7/497642-715547.jpg
Amnesia: The Bunker,"Jun 6, 2023",77,Frictional Games,Frictional Games,Survival,https://www.gamespot.com/a/uploads/scale_tiny/box/7/7/2/5/577134-907725.jpg
Pacific Drive,"Feb 21, 2024",79,Ironwood,Ironwood,Survival,https://www.gamespot.com/a/uploads/scale_tiny/box/2/1/1/4/572027-892114.jpg
Hyrule Warriors: Age of Calamity,"Nov 20, 2020",78,Omega Force,Nintendo,3D,https://www.gamespot.com/a/uploads/scale_tiny/box/6/4/2/7/518353-766427.jpg
Twelve Minutes,"Aug 19, 2021",76,Luis Antonio,Annapurna Interactive,Adventure,https://www.gamespot.com/a/uploads/scale_tiny/box/5/6/2/8/406142-715628.jpg
Pentiment,"Nov 14, 2022",86,Obsidian Entertainment,Limited Run Games,Adventure,https://www.gamespot.com/a/uploads/scale_tiny/box/5/5/9/1/566099-875591.jpg
Ninjala,"Jun 24, 2020",68,Soleil Ltd.,"GungHo Online Entertainment America, Inc.",Action,https://www.gamespot.com/a/uploads/scale_tiny/box/6/1/0/3/483430-676103.jpg
Evergate,"Aug 18, 2020",70,Stone Lantern Games LLC,PQube,Platformer,https://www.gamespot.com/a/uploads/scale_tiny/box/3/6/2/1/486090-683621.jpg
Rock of Ages 3: Make & Break,"Jul 21, 2020",72,ACE Team,Modus,Strategy,https://www.gamespot.com/a/uploads/scale_tiny/box/3/7/0/7/501145-723707.jpg
Famicom Detective Club: The Missing Heir,"May 14, 2021",74,Mages.,Nintendo,Adventure,https://www.gamespot.com/a/uploads/scale_tiny/box/7/6/0/8/527219-787608.jpg
FIFA 21,"Oct 6, 2020",72,Electronic Arts,Electronic Arts,Simulation,https://www.gamespot.com/a/uploads/scale_tiny/box/6/9/4/4/514266-756944.jpg
Paper Mario: The Origami King,"Jul 17, 2020",80,Intelligent Systems,Nintendo,Role-Playing,https://www.gamespot.com/a/uploads/scale_tiny/box/2/3/9/5/512300-752395.jpg
Disney Dreamlight Valley,"Sep 6, 2022",70,Gameloft,Gameloft,Simulation,https://www.gamespot.com/a/uploads/scale_tiny/box/7/9/9/7/563578-867997.jpg
Mario Kart Live: Home Circuit,"Oct 16, 2020",75,Velan Studios,Nintendo,Arcade,https://www.gamespot.com/a/bundles/gamespotsite/images/box-art--square.jpg
Turnip Boy Commits Tax Evasion,"Apr 22, 2021",74,Plug In Digital,Plug In Digital,Action,https://www.gamespot.com/a/uploads/scale_tiny/box/8/0/0/2/506758-738002.jpg
Another Code: Recollection,"Jan 19, 2024",73,Arc System Works,Nintendo,Compilation,https://www.gamespot.com/a/uploads/scale_tiny/box/6/8/4/9/603152-966849.jpg
Biomutant,"May 25, 2021",66,Experiment 101,THQ Nordic,Action,https://www.gamespot.com/a/uploads/scale_tiny/box/2/5/1/5/469225-642515.jpg
Cult of the Lamb,"Aug 11, 2022",82,Massive Monster,Devolver Digital,Adventure,https://www.gamespot.com/a/uploads/scale_tiny/box/3/7/5/5/536959-813755.jpg
Grounded,"Jul 28, 2020",82,Double Eleven,Xbox Game Studios,Adventure,https://www.gamespot.com/a/uploads/scale_tiny/box/2/7/2/8/504764-732728.jpg
Gnosia,"Mar 4, 2021",82,Petit Depotto,Petit Depotto,Adventure,https://www.gamespot.com/a/uploads/scale_tiny/box/7/8/8/9/464609-717889.jpg
Panzer Paladin,"Jul 21, 2020",77,Tribute Games,Tribute Games,Platformer,https://www.gamespot.com/a/uploads/scale_tiny/box/4/0/4/9/508909-744049.jpg
Dying Light 2 Stay Human,"Feb 4, 2022",76,Techland,Techland,3D,https://www.gamespot.com/a/uploads/scale_tiny/box/5/8/0/9/483358-675809.jpg
Game Builder Garage,"Jun 11, 2021",77,Nintendo,Nintendo,,https://www.gamespot.com/a/uploads/scale_tiny/box/7/8/5/7/531154-797857.jpg
"Warhammer 40,000: Boltgun","May 23, 2023",75,Auroch Digital,Focus Entertainment,Shooter,https://www.gamespot.com/a/uploads/scale_tiny/box/3/2/2/0/565454-873220.jpg
Hogwarts Legacy,"Feb 7, 2023",84,Avalanche Software,Warner Bros. Games,Role-Playing,https://www.gamespot.com/a/uploads/scale_tiny/box/7/8/9/9/519019-767899.jpg
Resident Evil 3,"Apr 3, 2020",79,Capcom,Capcom,3D,https://www.gamespot.com/a/uploads/scale_tiny/1574/15746725/3645502-123.jpg
WarioWare: Move It!,"Nov 3, 2023",75,Intelligent Systems,Nintendo,Party/Minigame,https://www.gamespot.com/a/uploads/scale_tiny/box/4/7/1/8/591687-944718.jpg
DNF Duel: Who's Next,"Jun 28, 2022",79,Eighting,Nexon,2D,https://www.gamespot.com/a/uploads/scale_tiny/box/9/3/8/1/549011-839381.jpg
Sonic Frontiers,"Nov 8, 2022",70,Sonic Team,Sega,3D,https://www.gamespot.com/a/uploads/scale_tiny/box/0/8/4/0/532386-800840.jpg
Good Job!,"Mar 26, 2020",78,Paladin Studios,Nintendo,Action,https://www.gamespot.com/a/uploads/scale_tiny/box/6/8/3/5/509966-746835.jpg
Marvel's Guardians of the Galaxy,"Oct 26, 2021",80,Eidos Montreal,Square Enix,Action,https://www.gamespot.com/a/uploads/scale_tiny/box/3/3/3/1/533247-803331.jpg
Star Renegades,"Sep 8, 2020",77,"Massive Damage, Inc.",Raw Fury,Strategy,https://www.gamespot.com/a/uploads/scale_tiny/box/6/4/2/1/479637-666421.jpg
Grapple Dog,"Feb 10, 2022",76,Joseph Gribbin,"H2 Interactive Co., Ltd.",Platformer,https://www.gamespot.com/a/uploads/scale_tiny/box/3/1/6/3/525369-783163.jpg
Title,Release Date,Game Score,Developer,Publisher,Genre,Image URL
Capcom Fighting Collection,"Jun 24, 2022",79,Capcom,Capcom,Compilation,https://www.gamespot.com/a/uploads/scale_tiny/box/4/6/7/5/558636-854675.jpg
Rogue Legacy 2,"Aug 18, 2020",88,Cellar Door Games,Cellar Door Games,Role-Playing,https://www.gamespot.com/a/uploads/scale_tiny/box/7/7/1/7/510292-747717.jpg
Minecraft Dungeons,"May 26, 2020",70,Mojang AB,Mojang AB,Action,https://www.gamespot.com/a/uploads/scale_tiny/1593/15930215/3537111-minecraft-dungeons-logo.jpg
Helldivers 2,"Feb 8, 2024",82,Arrowhead Game Studios,PlayStation PC,Action,https://www.gamespot.com/a/uploads/scale_tiny/box/8/3/9/0/589428-938390.jpg
Ikenfell,"Oct 8, 2020",73,Happy Ray Games,Humble Games,Role-Playing,https://www.gamespot.com/a/uploads/scale_tiny/box/0/7/2/5/481450-670725.jpg
Nioh 2,"Mar 13, 2020",85,Team Ninja,Koei Tecmo Games,Role-Playing,https://www.gamespot.com/a/uploads/scale_tiny/box/6/0/7/4/483420-676074.jpg
Psychonauts 2,"Aug 25, 2021",87,Double Fine Productions,Xbox Game Studios,3D,https://www.gamespot.com/a/uploads/scale_tiny/1574/15746725/3476207-small.jpg
Sonic Superstars,"Oct 17, 2023",73,Arzest,Sega,2D,https://www.gamespot.com/a/uploads/scale_tiny/box/1/6/3/2/590637-941632.jpg
Spelunky 2,"Sep 15, 2020",87,Mossmouth,Mossmouth,Platformer,https://www.gamespot.com/a/uploads/scale_tiny/1593/15930215/3563969-screen%20shot%202019-07-25%20at%209.01.05%20am.png
Life is Strange: True Colors,"Sep 10, 2021",81,Deck Nine Games,Square Enix,Action,https://www.gamespot.com/a/uploads/scale_tiny/box/1/7/9/7/528716-791797.jpg
The Last Campfire,"Aug 27, 2020",83,Hello Games,Hello Games,Puzzle,https://www.gamespot.com/a/uploads/scale_tiny/box/4/2/3/5/490220-694235.jpg
Deathloop,"Sep 14, 2021",88,Arkane Studios,Bethesda Softworks,3D,https://www.gamespot.com/a/uploads/scale_tiny/1593/15930215/3695852-1.jpg
Dragon Quest Treasures,"Dec 9, 2022",72,TOSE,Square Enix,Role-Playing,https://www.gamespot.com/a/uploads/scale_tiny/box/8/0/3/2/532329-878032.jpg
Dead Space,"Jan 27, 2023",89,Motive Studios,Electronic Arts,3D,https://www.gamespot.com/a/uploads/scale_tiny/box/9/0/8/9/535206-809089.jpg
Splatoon 3,"Sep 9, 2022",83,Nintendo,Nintendo,3D,https://www.gamespot.com/a/uploads/scale_tiny/box/7/6/2/6/527230-787626.jpg
Humanity,"May 16, 2023",86,Tha Ltd.,Enhance Games,Action,https://www.gamespot.com/a/uploads/scale_tiny/box/7/7/7/9/502645-727779.jpg
Call of Duty: Warzone,"Nov 14, 2022",79,Infinity Ward,Activision,Action,https://www.gamespot.com/a/uploads/scale_tiny/box/2/7/4/3/572198-892743.jpg
Digimon Survive,"Jul 29, 2022",70,Hyde,Bandai Namco Games,Turn-Based,https://www.gamespot.com/a/uploads/scale_tiny/1574/15746725/3483548-untitled-1.jpg
NEO: The World Ends with You,"Jul 27, 2021",80,h.a.n.d. Inc.,Square Enix,Role-Playing,https://www.gamespot.com/a/uploads/scale_tiny/box/7/2/5/5/522686-777255.jpg
Stray,"Jul 19, 2022",83,BlueTwelve Studio,Annapurna Interactive,Adventure,https://www.gamespot.com/a/uploads/scale_tiny/box/5/7/6/2/513784-755762.jpg
Like a Dragon Gaiden: The Man Who Erased His Name,"Nov 9, 2023",78,Ryu ga Gotoku Studios,Sega,Action,https://www.gamespot.com/a/uploads/scale_tiny/box/2/2/4/6/572099-892246.jpg
Desta: The Memories Between,"Sep 27, 2022",73,ustwo,Netflix,Strategy,https://www.gamespot.com/a/uploads/scale_tiny/box/6/6/7/6/566278-876676.jpg
Mario Golf: Super Rush,"Jun 25, 2021",70,Camelot Software Planning,Nintendo,Arcade,https://www.gamespot.com/a/uploads/scale_tiny/box/7/6/1/2/527222-787612.jpg
OlliOlli World,"Feb 8, 2022",84,roll7,Private Division,2D,https://www.gamespot.com/a/uploads/scale_tiny/box/5/4/2/1/530136-795421.jpg
Little Nightmares II,"Feb 11, 2021",82,Tarsier Studios,Bandai Namco Games,Adventure,https://www.gamespot.com/a/uploads/scale_tiny/box/3/8/9/3/501202-723893.jpg
A Total War Saga: TROY,"Aug 13, 2020",75,Creative Assembly,Sega,Strategy,https://www.gamespot.com/a/uploads/scale_tiny/box/7/2/4/5/502448-727245.jpg
Super Mario Bros. Wonder,"Oct 20, 2023",92,Nintendo,Nintendo,Platformer,https://www.gamespot.com/a/uploads/scale_tiny/box/4/7/1/9/591688-944719.jpg
Stray Gods: The Roleplaying Musical,"Aug 10, 2023",75,Summerfall Studios,Humble Games,Role-Playing,https://www.gamespot.com/a/uploads/scale_tiny/box/0/4/1/3/560766-860413.jpg
Mundaun,"Mar 16, 2021",72,Hidden Fields,MWM Interactive,3D,https://www.gamespot.com/a/uploads/scale_tiny/box/3/2/9/2/482576-673292.jpg
Disney TRON: Identity,"Apr 11, 2023",67,Bithell Games,Bithell Games,Adventure,https://www.gamespot.com/a/uploads/scale_tiny/box/1/6/0/2/571854-891602.jpg
Ring of Pain,"Oct 15, 2020",74,Twice Different,Twice Different,Card Game,https://www.gamespot.com/a/uploads/scale_tiny/box/0/6/8/5/496167-710685.jpg
Tell Me Why,"Aug 27, 2020",78,DONTNOD Entertainment,Xbox Game Studios,Adventure,https://www.gamespot.com/a/uploads/scale_tiny/box/7/6/8/2/504767-757682.jpg
The Pedestrian,"Jan 29, 2020",81,Skookum Arts,Skookum Arts,Action,https://www.gamespot.com/a/uploads/scale_tiny/box/9/9/8/7/460176-619987.jpg
Immortals Fenyx Rising,"Dec 3, 2020",81,Ubisoft Quebec,Ubisoft,Action,https://www.gamespot.com/a/uploads/scale_tiny/box/5/8/1/7/497716-715817.jpg
Pepper Grinder,"Mar 28, 2024",78,Ahr Ech,Devolver Digital,Platformer,https://www.gamespot.com/a/uploads/scale_tiny/box/3/3/1/4/575754-903314.jpg
New Pokemon Snap,"Apr 30, 2021",79,Bandai Namco Games,Nintendo,Action,https://www.gamespot.com/a/uploads/scale_tiny/box/6/4/6/7/514100-756467.jpg
Unsighted,"Sep 30, 2021",84,Studio Pixel Punk,Humble Games,Action,https://www.gamespot.com/a/uploads/scale_tiny/box/0/5/0/8/496090-710508.jpg
Fall Guys,"Aug 4, 2020",81,Mediatonic,Epic Games,Party/Minigame,https://www.gamespot.com/a/uploads/scale_tiny/1576/15769789/3734627-header%281%29.jpg
Age of Empires IV,"Oct 28, 2021",81,Relic,Xbox Game Studios,Real-Time,https://www.gamespot.com/a/uploads/scale_tiny/box/4/9/4/8/469271-794948.jpg
Cris Tales,"Jul 20, 2021",74,Dreams Uncorporated,Oizumi Amuzio,Role-Playing,https://www.gamespot.com/a/uploads/scale_tiny/box/5/7/3/6/497704-715736.jpg
Hellboy: Web of Wyrd,"Oct 18, 2023",61,Upstream Arcade,Good Shepherd Entertainment,Adventure,https://www.gamespot.com/a/uploads/scale_tiny/box/8/9/7/2/577615-908972.jpg
Tetris Effect: Connected,"Nov 10, 2020",88,Monstars Inc.,Enhance Games,Matching/Stacking,https://www.gamespot.com/a/uploads/scale_tiny/box/1/1/0/5/516157-761105.jpg
Half-Life: Alyx,"Mar 23, 2020",93,Valve Software,Valve Software,3D,https://www.gamespot.com/a/uploads/scale_tiny/1593/15930215/3607221-header.jpg
Starfield,"Sep 1, 2023",83,Bethesda Game Studios,Bethesda Softworks,Role-Playing,https://www.gamespot.com/a/uploads/scale_tiny/box/5/8/8/9/483376-675889.jpg
PGA Tour 2K21,"Aug 20, 2020",76,HB Studios Multimedia,2K Games,Golf,https://www.gamespot.com/a/uploads/scale_tiny/box/2/3/9/3/511842-752393.jpg
Final Fantasy VII Remake,"Apr 10, 2020",87,Square Enix,Square Enix,Role-Playing,https://www.gamespot.com/a/uploads/scale_tiny/1593/15930215/3546367-screen%20shot%202019-06-11%20at%203.04.46%20pm.png
Wo Long: Fallen Dynasty,"Mar 3, 2023",80,Team Ninja,Koei Tecmo Games,Action,https://www.gamespot.com/a/uploads/scale_tiny/box/5/6/0/5/566103-875605.jpg
SpongeBob SquarePants: The Cosmic Shake,"Jan 31, 2023",70,HandyGames,HandyGames,3D,https://www.gamespot.com/a/uploads/scale_tiny/box/7/8/3/9/538333-817839.jpg
Xenoblade Chronicles 3,"Jul 29, 2022",89,Monolith Soft,Nintendo,Role-Playing,https://www.gamespot.com/a/uploads/scale_tiny/box/2/4/1/8/557740-852418.jpg
MLB The Show 23,"Mar 24, 2023",82,Sony Interactive Entertainment San Diego Studio,MLBAM,Baseball,https://www.gamespot.com/a/uploads/scale_tiny/box/7/5/3/2/581284-917532.jpg
Master Detective Archives: RAIN CODE,"Jun 30, 2023",77,Too Kyo Games,Spike Chunsoft,Adventure,https://www.gamespot.com/a/uploads/scale_tiny/box/1/3/4/2/544699-831342.jpg
Viewfinder,"Jul 18, 2023",84,Sad Owl Studios,Thunderful,First-Person,https://www.gamespot.com/a/uploads/scale_tiny/box/8/9/8/0/577616-908980.jpg
Nickelodeon All-Star Brawl,"Oct 5, 2021",65,Ludosity Interactive,GameMill Entertainment,2D,https://www.gamespot.com/a/uploads/scale_tiny/box/7/5/1/2/534667-807512.jpg
Hot Wheels Unleashed,"Sep 27, 2021",75,Milestone S.r.l,Milestone S.r.l,Arcade,https://www.gamespot.com/a/uploads/scale_tiny/box/8/9/7/3/527577-788973.jpg
RiffTrax: The Game,"May 5, 2022",79,Wide Right Interactive,Wide Right Interactive,Party/Minigame,https://www.gamespot.com/a/uploads/scale_tiny/box/9/9/7/7/560644-859977.jpg
If Found...,"May 18, 2020",84,dreamfeel,Annapurna Interactive,Adventure,https://www.gamespot.com/a/uploads/scale_tiny/box/5/0/3/1/501672-725031.jpg
Super Mario 3D All-Stars,"Sep 18, 2020",82,Nintendo,Nintendo,Compilation,https://www.gamespot.com/a/uploads/scale_tiny/box/6/0/8/5/518190-766085.jpg
NBA 2K24,"Sep 8, 2023",68,Visual Concepts,2K Games,Basketball,https://www.gamespot.com/a/bundles/gamespotsite/images/box-art--square.jpg
Sam & Max: Beyond Time and Space,"Dec 8, 2021",80,Telltale Games,Telltale Games,Adventure,https://www.gamespot.com/a/uploads/scale_tiny/box/6/7/4/6/40703-106746.jpg
Nobody Saves the World,"Jan 18, 2022",79,DrinkBox Studios,DrinkBox Studios,Role-Playing,https://www.gamespot.com/a/uploads/scale_tiny/box/2/9/3/7/529058-792937.jpg
Granblue Fantasy: Relink,"Jan 29, 2024",80,Cygames,Cygames,Role-Playing,https://www.gamespot.com/a/uploads/scale_tiny/box/8/3/2/1/457900-838321.jpg
Neon White,"Jun 16, 2022",89,Angel Matrix,Annapurna Interactive,Action,https://www.gamespot.com/a/uploads/scale_tiny/box/7/6/1/5/527223-787615.jpg
WarioWare: Get It Together!,"Sep 10, 2021",76,Intelligent Systems,Nintendo,Party/Minigame,https://www.gamespot.com/a/uploads/scale_tiny/box/3/8/3/2/533308-803832.jpg
Watch Dogs: Legion,"Oct 29, 2020",76,Ubisoft,Ubisoft,Action,https://www.gamespot.com/a/uploads/scale_tiny/box/5/9/4/7/497453-715947.jpg
Balatro,"Feb 20, 2024",90,LocalThunk,PlayStack,Card Game,https://www.gamespot.com/a/uploads/scale_tiny/box/8/1/6/2/589348-938162.jpg
Sea of Stars,"Aug 29, 2023",87,Sabotage Studio,Sabotage Studio,Role-Playing,https://www.gamespot.com/a/uploads/scale_tiny/box/6/2/3/6/509725-746236.jpg
Aragami 2,"Sep 17, 2021",64,Lince Works,Arc System Works,Adventure,https://www.gamespot.com/a/uploads/scale_tiny/box/5/2/7/8/517831-765278.jpg
Metal Gear Solid: Master Collection Vol. 1,"Oct 24, 2023",74,Konami,Konami,Compilation,https://www.gamespot.com/a/uploads/scale_tiny/box/8/4/1/2/589436-938412.jpg
Scarlet Nexus,"Jun 25, 2021",80,Bandai Namco Games,Bandai Namco Games,Action,https://www.gamespot.com/a/uploads/scale_tiny/box/1/4/9/7/511895-751497.jpg
Venba,"Jul 31, 2023",79,Visai Games,Visai Games,Adventure,https://www.gamespot.com/a/uploads/scale_tiny/box/0/4/8/8/524069-780488.jpg
Genshin Impact,"Sep 28, 2020",81,miHoYo,miHoYo,Role-Playing,https://www.gamespot.com/a/uploads/scale_tiny/box/2/3/3/6/500614-722336.jpg
Tekken 8,"Jan 26, 2024",90,Bandai Namco Games,Bandai Namco Games,3D,https://www.gamespot.com/a/uploads/scale_tiny/box/2/1/0/9/572026-892109.jpg
Ghost of Tsushima,"Jul 17, 2020",83,Nixxes Software,PlayStation PC,Action,https://www.gamespot.com/a/uploads/scale_tiny/1197/11970954/3353350-ghostoftsushima-box.jpg
PGA Tour 2K23,"Oct 11, 2022",76,HB Studios Multimedia,2K Games,Golf,https://www.gamespot.com/a/uploads/scale_tiny/box/8/0/1/3/570645-888013.jpg
Monster Hunter Rise,"Mar 26, 2021",88,Capcom,Capcom,Action,https://www.gamespot.com/a/uploads/scale_tiny/box/7/9/1/9/519025-767919.jpg
Nickelodeon All-Star Brawl 2,"Nov 7, 2023",77,Ludosity Interactive,GameMill Entertainment,2D,https://www.gamespot.com/a/uploads/scale_tiny/box/3/7/6/7/596244-953767.jpg
Cyberpunk 2077,"Dec 10, 2020",86,CD Projekt Red Studio,Warner Bros. Interactive Entertainment,Action,https://www.gamespot.com/a/uploads/scale_tiny/1593/15930215/3548789-unknown.jpg
WindJammers 2,"Jan 20, 2022",78,DotEmu,DotEmu,Sports,https://www.gamespot.com/a/uploads/scale_tiny/box/3/3/1/2/485985-683312.jpg
THE FINALS,"Dec 7, 2023",80,Embark Studios,Embark Studios,First-Person,https://www.gamespot.com/a/uploads/scale_tiny/box/8/5/2/0/570887-888520.jpg
EA Sports FC 24,"Sep 22, 2023",75,EA Canada,Electronic Arts,Simulation,https://www.gamespot.com/a/uploads/scale_tiny/box/9/2/7/7/593624-949277.jpg
WWE 2K24,"Mar 5, 2024",81,Visual Concepts,2K Games,Action,https://www.gamespot.com/a/uploads/scale_tiny/box/6/0/3/1/615521-996031.jpg
Sam & Max: Save the World,"Dec 2, 2020",75,Skunkape Games,Skunkape Games,Adventure,https://www.gamespot.com/a/uploads/scale_tiny/box/4/4/4/1/30182-84441.jpg
Planet of Lana,"May 23, 2023",80,Wishfully,Thunderful,Adventure,https://www.gamespot.com/a/uploads/scale_tiny/box/2/7/3/2/533059-802732.jpg
Oxenfree II: Lost Signals,"Jul 12, 2023",73,Night School Studio,Netflix,Adventure,https://www.gamespot.com/a/uploads/scale_tiny/box/5/4/2/6/530139-795426.jpg
Bloodstained: Curse of the Moon 2,"Jul 10, 2020",82,Inti,Limited Run Games,Platformer,https://www.gamespot.com/a/uploads/scale_tiny/box/7/2/0/7/514411-757207.jpg
Animal Well,"May 9, 2024",91,Shared Memory,Limited Run Games,Metroidvania,https://www.gamespot.com/a/uploads/scale_tiny/box/2/4/5/1/557748-852451.jpg
Monster Hunter Stories 2: Wings of Ruin,"Jul 9, 2021",81,Capcom,Capcom,Role-Playing,https://www.gamespot.com/a/uploads/scale_tiny/box/7/9/2/0/519026-767920.jpg
Bright Memory: Infinite,"Nov 11, 2021",67,FYQD-Studio,Playism,Shooter,https://www.gamespot.com/a/uploads/scale_tiny/box/6/5/3/4/506156-736534.jpg
The Big Con,"Aug 31, 2021",77,Mighty Yell,Mighty Yell,Adventure,https://www.gamespot.com/a/uploads/scale_tiny/box/3/7/7/2/501174-723772.jpg
Wild Hearts,"Feb 17, 2023",79,Omega Force,Electronic Arts,Role-Playing,https://www.gamespot.com/a/uploads/scale_tiny/box/4/6/2/8/572856-894628.jpg
Ratchet & Clank: Rift Apart,"Jun 11, 2021",88,Nixxes Software,Sony Interactive Entertainment,Platformer,https://www.gamespot.com/a/uploads/scale_tiny/box/5/7/6/0/513782-755760.jpg
