Title,Release Date,Game Score,Developer,Publisher,Genre,Platforms,Image URL
Chinatown Detective Agency,"Apr 7, 2022",66,General Interactive Co.,Humble Games,Adventure,"PC, Nintendo Switch",https://www.gamespot.com/a/uploads/scale_tiny/box/9/2/5/3/503204-729253.jpg
Animal Crossing: New Horizons,"Mar 20, 2020",90,Nintendo,Nintendo,Simulation,Nintendo Switch,https://www.gamespot.com/a/uploads/scale_tiny/1593/15930215/3549399-cq5dam.thumbnail.319.319.png
Oddworld: Soulstorm,"Apr 6, 2021",67,Oddworld Inhabitants,Microids,Action,"Nintendo Switch, PC, Playstation 5, Xbox Series X",https://www.gamespot.com/a/uploads/scale_tiny/1593/15930215/3537139-oddworld_soulstorm_logo.gif
MindSeize,"Feb 7, 2020",74,Kamina Dimension,First Press Games,2D,"PC, Nintendo Switch",https://www.gamespot.com/a/uploads/scale_tiny/box/7/4/5/9/483810-677459.jpg
Mario Party Superstars,"Oct 29, 2021",80,Nd Cube,Nintendo,Party/Minigame,Nintendo Switch,https://www.gamespot.com/a/uploads/scale_tiny/box/3/8/2/6/533304-803826.jpg
Fire Emblem Warriors: Three Hopes,"Jun 24, 2022",80,Koei Tecmo Games,Nintendo,3D,Nintendo Switch,https://www.gamespot.com/a/uploads/scale_tiny/box/2/3/9/9/557730-852399.jpg
Life is Strange,"Feb 1, 2022",85,Feral Interactive,Square Enix,Action,PC,https://www.gamespot.com/a/uploads/scale_tiny/1197/11970954/2830331-image.jpeg
Fight Crab,"Jul 29, 2020",60,Calappa Games,Nussoft,Action,"PC, Nintendo Switch",https://www.gamespot.com/a/uploads/scale_tiny/box/5/7/7/2/479392-665772.jpg
Eiyuden Chronicle: Hundred Heroes,"Apr 21, 2024",79,Rabbit & Bear Studios,505 Games,Role-Playing,"Nintendo Switch, PC, Playstation 5, Xbox Series X",https://www.gamespot.com/a/uploads/scale_tiny/box/1/2/5/3/516194-761253.jpg
WWE 2K23,"Mar 14, 2023",82,Visual Concepts,2K Games,Action,"PC, Playstation 5, Xbox Series X",https://www.gamespot.com/a/uploads/scale_tiny/box/5/9/5/0/580650-915950.jpg
Dragon Ball Z: Kakarot,"Jan 17, 2020",73,CyberConnect2,Bandai Namco Games,Action,"Nintendo Switch, PC, Playstation 5, Xbox Series X",https://www.gamespot.com/a/uploads/scale_tiny/box/6/0/4/5/491984-716045.jpg
Super Monkey Ball: Banana Mania,"Oct 2, 2021",76,Sega,Sega,Compilation,"PC, Nintendo Switch, Playstation 5, Xbox Series X",https://www.gamespot.com/a/uploads/scale_tiny/box/3/8/2/5/533303-803825.jpg
Prince of Persia: The Lost Crown,"Jan 15, 2024",86,Ubisoft Montpellier,Ubisoft,Action,"Nintendo Switch, PC, Playstation 5, Xbox Series X",https://www.gamespot.com/a/uploads/scale_tiny/box/1/6/0/9/590624-941609.jpg
Cyber Shadow,"Jan 26, 2021",82,"Aarne ""MekaSkull"" Hunziker",Yacht Club Games,Platformer,"PC, Nintendo Switch, Playstation 5",https://www.gamespot.com/a/uploads/scale_tiny/box/6/8/6/9/494693-706869.jpg
The Dark Pictures Anthology: Little Hope,"Oct 30, 2020",71,SuperMassive Games,Bandai Namco Games,Third-Person,"Nintendo Switch, PC, Playstation 5",https://www.gamespot.com/a/bundles/gamespotsite/images/box-art--square.jpg
Sable,"Sep 23, 2021",76,Shed-Works,Raw Fury,Adventure,"PC, Playstation 5, Xbox Series X",https://www.gamespot.com/a/uploads/scale_tiny/box/6/0/6/1/483366-676061.jpg
Super Mario Bros. 35,"Oct 1, 2020",75,Nintendo,Nintendo,2D,Nintendo Switch,https://www.gamespot.com/a/uploads/scale_tiny/box/6/0/8/4/518189-766084.jpg
Forza Horizon 5,"Nov 5, 2021",92,PLAYGROUND,Xbox Game Studios,Simulation,"PC, Xbox Series X",https://www.gamespot.com/a/uploads/scale_tiny/box/3/5/3/0/533238-803530.jpg
Pokemon UNITE,"Jul 21, 2021",70,TiMi Studios,The Pokemon Company,MOBA,Nintendo Switch,https://www.gamespot.com/a/uploads/scale_tiny/box/7/3/5/1/514446-757351.jpg
Road 96,"Aug 16, 2021",79,Digixart Entertainment,Digixart Entertainment,First-Person,"Playstation 5, PC, Nintendo Switch, Xbox Series X",https://www.gamespot.com/a/uploads/scale_tiny/box/9/7/4/7/523755-779747.jpg
Destroy All Humans!,"Jul 28, 2020",70,Black Forest Games,THQ Nordic,Adventure,"PC, Nintendo Switch",https://www.gamespot.com/a/uploads/scale_tiny/box/5/3/8/6/497565-715386.jpg
FIFA 23,"Sep 27, 2022",76,EA Canada,Electronic Arts,Simulation,"Nintendo Switch, PC, Playstation 5, Xbox Series X",https://www.gamespot.com/a/uploads/scale_tiny/box/1/1/3/0/567286-881130.jpg
Disc Room,"Oct 22, 2020",83,Terri,Devolver Digital,Puzzle,"PC, Nintendo Switch",https://www.gamespot.com/a/uploads/scale_tiny/box/3/8/2/4/508833-743824.jpg
Tunic,"Mar 16, 2022",85,Andrew Shouldice,Finji,Action,"Nintendo Switch, PC, Playstation 5, Xbox Series X",https://www.gamespot.com/a/uploads/scale_tiny/box/3/9/7/2/465562-633972.jpg
I Am Dead,"Oct 8, 2020",79,Hollow Ponds,Annapurna Interactive,Adventure,"PC, Nintendo Switch, Playstation 5, Xbox Series X",https://www.gamespot.com/a/uploads/scale_tiny/box/5/9/6/0/509652-745960.jpg
Returnal,"Apr 30, 2021",86,Housemarque,Sony Interactive Entertainment,Third-Person,"PC, Playstation 5",https://www.gamespot.com/a/uploads/scale_tiny/box/5/7/6/3/513785-755763.jpg
Ghostbusters: Spirits Unleashed,"Oct 18, 2022",68,IllFonic,IllFonic,Adventure,"Nintendo Switch, PC, Playstation 5, Xbox Series X",https://www.gamespot.com/a/uploads/scale_tiny/box/1/3/2/9/561168-861329.jpg
The Forgotten City,"Jul 28, 2021",85,Modern Storyteller,Ubitus,Adventure,"Playstation 5, PC, Nintendo Switch, Xbox Series X",https://www.gamespot.com/a/uploads/scale_tiny/box/6/0/4/7/483405-676047.jpg
Blasphemous 2,"Aug 24, 2023",84,The Game Kitchen,Team 17,Action,"Playstation 5, PC, Nintendo Switch, Xbox Series X",https://www.gamespot.com/a/uploads/scale_tiny/box/4/4/5/9/537139-814459.jpg
Cursed to Golf,"Aug 18, 2022",80,Chuhai Labs,Thunderful,Golf,"PC, Nintendo Switch, Playstation 5, Xbox Series X",https://www.gamespot.com/a/uploads/scale_tiny/box/4/6/2/4/537207-814624.jpg
The King of Fighters XV,"Feb 14, 2022",79,SNK Corporation,SNK Corporation,2D,"PC, Playstation 5, Xbox Series X",https://www.gamespot.com/a/uploads/scale_tiny/box/6/2/5/4/490128-806254.jpg
Kirby and the Forgotten Land,"Mar 25, 2022",85,HAL Labs,Nintendo,Platformer,Nintendo Switch,https://www.gamespot.com/a/uploads/scale_tiny/box/8/6/3/3/538660-818633.jpg
Sherlock Holmes: Chapter One,"Nov 16, 2021",69,Frogwares,Frogwares,3D,"PC, Playstation 5, Xbox Series X",https://www.gamespot.com/a/uploads/scale_tiny/box/3/5/3/9/512765-753539.jpg
Othercide,"Jul 27, 2020",78,Lightbulb Crew,Focus Home Interactive,Turn-Based,"PC, Nintendo Switch",https://www.gamespot.com/a/uploads/scale_tiny/box/5/0/6/0/486620-685060.jpg
Unicorn Overlord,"Mar 8, 2024",87,Vanillaware,Sega,Strategy,"Nintendo Switch, Playstation 5, Xbox Series X",https://www.gamespot.com/a/uploads/scale_tiny/box/6/8/5/5/603156-966855.jpg
Marvel's Midnight Suns,"Dec 2, 2022",83,Firaxis Games,2K Games,Strategy,"PC, Playstation 5, Xbox Series X",https://www.gamespot.com/a/uploads/scale_tiny/box/3/7/4/7/536957-813747.jpg
Princess Peach: Showtime!,"Mar 22, 2024",74,Good-Feel,Nintendo,Adventure,Nintendo Switch,https://www.gamespot.com/a/uploads/scale_tiny/box/4/7/0/2/591679-944702.jpg
Evil Dead: The Game,"May 13, 2022",72,Saber Interactive,Saber Interactive,3D,"PC, Playstation 5, Xbox Series X",https://www.gamespot.com/a/uploads/scale_tiny/box/9/7/3/8/523752-779738.jpg
Alan Wake II,"Oct 27, 2023",89,Remedy Entertainment,Epic Games,Survival,"PC, Playstation 5, Xbox Series X",https://www.gamespot.com/a/uploads/scale_tiny/box/5/7/8/5/547391-835785.jpg
Fuser,"Nov 9, 2020",81,Harmonix Music Systems,NCSOFT,Music/Rhythm,"PC, Nintendo Switch",https://www.gamespot.com/a/uploads/scale_tiny/box/4/1/2/6/508938-744126.jpg
Mortal Kombat 1,"Sep 14, 2023",83,NetherRealm Studios,Warner Bros. Games,2D,"PC, Nintendo Switch, Playstation 5, Xbox Series X",https://www.gamespot.com/a/uploads/scale_tiny/box/2/1/3/3/583167-922133.jpg
Teardown,"Apr 21, 2022",80,Tuxedo Labs,Tuxedo Labs,Adventure,"PC, Playstation 5, Xbox Series X",https://www.gamespot.com/a/uploads/scale_tiny/box/8/3/7/2/502861-728372.jpg
Amnesia: Rebirth,"Sep 15, 2020",80,Frictional Games,Frictional Games,3D,"PC, Xbox Series X",https://www.gamespot.com/a/uploads/scale_tiny/box/4/9/9/0/509250-744990.jpg
Persona 5 Royal,"Mar 31, 2020",95,ATLUS,ATLUS,Role-Playing,"Nintendo Switch, PC, Playstation 5, Xbox Series X",https://www.gamespot.com/a/uploads/scale_tiny/1593/15930215/3591396-p5.jpg
Bayonetta 3,"Oct 28, 2022",86,PlatinumGames,Nintendo,Adventure,Nintendo Switch,https://www.gamespot.com/a/uploads/scale_tiny/box/7/8/2/0/476073-657820.jpg
Streets of Rage 4,"Apr 30, 2020",84,Seaven Studio,Playdigious,2D,"PC, Nintendo Switch",https://www.gamespot.com/a/uploads/scale_tiny/1593/15930215/3582359-keyart_v1.jpg
NBA 2K23,"Sep 9, 2022",78,2K Games,2K Sports,Basketball,"Nintendo Switch, PC, Playstation 5, Xbox Series X",https://www.gamespot.com/a/uploads/scale_tiny/box/9/0/6/5/566801-879065.jpg
Signalis,"Oct 27, 2022",81,rose-engine,Humble Games,Adventure,"PC, Nintendo Switch",https://www.gamespot.com/a/uploads/scale_tiny/box/7/6/8/6/510280-747686.jpg
Kirby Fighters 2,"Sep 23, 2020",65,HAL Labs,Nintendo,2D,Nintendo Switch,https://www.gamespot.com/a/uploads/scale_tiny/box/8/8/2/4/519410-768824.jpg
AEW: Fight Forever,"Jun 29, 2023",64,Yuke's,THQ Nordic,Action,"Nintendo Switch, PC, Playstation 5, Xbox Series X",https://www.gamespot.com/a/uploads/scale_tiny/box/5/6/0/6/522054-775606.jpg
Trials of Mana,"Apr 24, 2020",76,Xeen,Square Enix,Role-Playing,"PC, Nintendo Switch",https://www.gamespot.com/a/uploads/scale_tiny/box/5/9/6/4/17633-715964.jpg
Salt and Sacrifice,"May 10, 2022",72,Devoured Studios,Ska Studios,Metroidvania,"Nintendo Switch, PC, Playstation 5",https://www.gamespot.com/a/uploads/scale_tiny/box/2/7/1/8/533054-802718.jpg
Assassin's Creed Valhalla,"Nov 10, 2020",80,Ubisoft Montreal,Ubisoft,Action,"PC, Playstation 5, Xbox Series X",https://www.gamespot.com/a/uploads/scale_tiny/1593/15930215/3667159-5e84a5065cdf9a21c0b4e737.jpg
Overwatch 2,"Oct 4, 2022",79,Blizzard Entertainment,Blizzard Entertainment,Action,"Playstation 5, PC, Nintendo Switch, Xbox Series X",https://www.gamespot.com/a/uploads/scale_tiny/1593/15930215/3599758-ow2_logo_dark.png
KUNAI,"Feb 6, 2020",73,TurtleBlaze,The Arcade Crew,Action,"PC, Nintendo Switch",https://www.gamespot.com/a/uploads/scale_tiny/1593/15930215/3630820-header.jpg
Tom Clancy's Rainbow Six Extraction,"Jan 20, 2022",73,Ubisoft Montreal,Ubisoft,Action,"PC, Playstation 5, Xbox Series X",https://www.gamespot.com/a/uploads/scale_tiny/box/5/8/1/2/497714-715812.jpg
Kena: Bridge of Spirits,"Sep 21, 2021",81,Emberlab,Emberlab,Action,"PC, Playstation 5, Xbox Series X",https://www.gamespot.com/a/uploads/scale_tiny/box/5/7/6/6/513788-755766.jpg
13 Sentinels: Aegis Rim,"Sep 22, 2020",85,Vanillaware,ATLUS,Adventure,Nintendo Switch,https://www.gamespot.com/a/bundles/gamespotsite/images/box-art--square.jpg
The Solitaire Conspiracy,"Oct 6, 2020",70,Mike Bithell,Mike Bithell,Trivia/Board Game,"Playstation 5, PC, Nintendo Switch, Xbox Series X",https://www.gamespot.com/a/uploads/scale_tiny/box/8/5/6/5/519287-768565.jpg
Thirsty Suitors,"Nov 2, 2023",80,Outerloop Games,Annapurna Interactive,Action,"Playstation 5, PC, Nintendo Switch, Xbox Series X",https://www.gamespot.com/a/uploads/scale_tiny/box/5/7/7/0/547382-835770.jpg
Children of the Sun,"Apr 9, 2024",81,Rene Rother,Devolver Digital,Action,PC,https://www.gamespot.com/a/uploads/scale_tiny/box/8/7/3/4/616458-998734.jpg
Bravely Default II,"Feb 26, 2021",76,Claytech Works,Square Enix,Role-Playing,"PC, Nintendo Switch",https://www.gamespot.com/a/uploads/scale_tiny/box/5/9/8/2/505924-735982.jpg
Spiritfarer,"Aug 18, 2020",84,Thunder Lotus Games,Netflix,Adventure,"PC, Nintendo Switch",https://www.gamespot.com/a/uploads/scale_tiny/box/5/6/1/8/497656-715618.jpg
The Talos Principle 2,"Nov 2, 2023",88,Croteam,Devolver Digital,First-Person,"PC, Playstation 5, Xbox Series X",https://www.gamespot.com/a/uploads/scale_tiny/box/8/3/9/4/589431-938394.jpg
Sackboy: A Big Adventure,"Nov 12, 2020",79,Sumo Digital,Sony Interactive Entertainment,Platformer,"PC, Playstation 5",https://www.gamespot.com/a/uploads/scale_tiny/box/5/7/6/4/513786-755764.jpg
Escape Academy,"Jun 28, 2022",79,Coin Crew Games,iam8bit,3D,"Nintendo Switch, PC, Playstation 5, Xbox Series X",https://www.gamespot.com/a/uploads/scale_tiny/box/0/1/5/7/560693-860157.jpg
Voice of Cards: The Isle Dragon Roars,"Oct 28, 2021",75,A-lim,Square Enix,Card Game,"PC, Nintendo Switch",https://www.gamespot.com/a/uploads/scale_tiny/box/6/0/5/4/537720-816054.jpg
It Takes Two,"Mar 26, 2021",88,Hazelight,Electronic Arts,Adventure,"Nintendo Switch, PC, Playstation 5, Xbox Series X",https://www.gamespot.com/a/uploads/scale_tiny/box/6/8/6/9/514264-756869.jpg
Unpacking,"Nov 2, 2021",83,Witch Beam,Humble Games,Puzzle,"Playstation 5, PC, Nintendo Switch",https://www.gamespot.com/a/uploads/scale_tiny/box/3/3/6/8/501039-723368.jpg
Avatar: Frontiers of Pandora,"Dec 7, 2023",72,Massive Entertainment,Ubisoft,Action,"PC, Playstation 5, Xbox Series X",https://www.gamespot.com/a/uploads/scale_tiny/box/7/4/1/6/471775-647416.jpg
Serious Sam 4: Planet Badass,"Sep 24, 2020",68,Croteam,Devolver Digital,3D,"PC, Playstation 5, Xbox Series X",https://www.gamespot.com/a/uploads/scale_tiny/box/9/8/8/7/481108-669887.jpg
Outriders,"Apr 1, 2021",73,People Can Fly,Square Enix,3D,"PC, Playstation 5, Xbox Series X",https://www.gamespot.com/a/uploads/scale_tiny/box/5/9/0/9/497347-715909.jpg
Persona 5 Tactica,"Nov 17, 2023",74,P-Studio,ATLUS,Turn-Based,"Nintendo Switch, PC, Playstation 5, Xbox Series X",https://www.gamespot.com/a/uploads/scale_tiny/box/2/4/6/8/590946-942468.jpg
Vampire: The Masquerade - Shadows of New York,"Sep 10, 2020",64,Draw Distance,Draw Distance,Adventure,"PC, Nintendo Switch",https://www.gamespot.com/a/uploads/scale_tiny/box/8/2/7/5/510516-748275.jpg
A Plague Tale: Requiem,"Oct 17, 2022",82,Asobo Studio,Focus Entertainment,Action,"Playstation 5, PC, Nintendo Switch, Xbox Series X",https://www.gamespot.com/a/uploads/scale_tiny/box/3/2/8/1/533232-803281.jpg
Theatrhythm Final Bar Line,"Feb 16, 2023",87,Indies Zero,Square Enix,Music/Rhythm,Nintendo Switch,https://www.gamespot.com/a/uploads/scale_tiny/box/2/0/0/5/572018-892005.jpg
Loop Hero,"Mar 4, 2021",82,Four Quarters,Playdigious,Role-Playing,"PC, Nintendo Switch, Xbox Series X",https://www.gamespot.com/a/uploads/scale_tiny/box/9/7/0/0/523743-779700.jpg
Axiom Verge 2,"Aug 11, 2021",76,Tom Happ,Tom Happ,Action,"PC, Nintendo Switch, Playstation 5",https://www.gamespot.com/a/uploads/scale_tiny/box/5/6/1/0/505799-735610.jpg
Journey to the Savage Planet,"Jan 28, 2020",74,Typhoon Studios,505 Games,Adventure,"Playstation 5, PC, Nintendo Switch, Xbox Series X",https://www.gamespot.com/a/uploads/scale_tiny/1593/15930215/3536140-unknown.jpg
HYPER DEMON,"Sep 19, 2022",88,Sorath,Sorath,Action,PC,https://www.gamespot.com/a/uploads/scale_tiny/box/3/5/6/8/572474-893568.jpg
Big Brain Academy: Brain vs. Brain,"Dec 3, 2021",73,Nintendo,Nintendo,Party/Minigame,Nintendo Switch,https://www.gamespot.com/a/uploads/scale_tiny/box/5/0/9/3/537382-815093.jpg
Octopath Traveler II,"Feb 24, 2023",85,Acquire,Square Enix,Role-Playing,"PC, Nintendo Switch, Playstation 5, Xbox Series X",https://www.gamespot.com/a/uploads/scale_tiny/box/2/0/0/3/572016-892003.jpg
Open Roads,"Mar 28, 2024",67,Open Roads Team,Annapurna Interactive,Adventure,"Nintendo Switch, PC, Playstation 5, Xbox Series X",https://www.gamespot.com/a/uploads/scale_tiny/box/9/7/1/5/523748-779715.jpg
Mass Effect Legendary Edition,"May 14, 2021",87,BioWare,Electronic Arts,Compilation,"PC, Xbox Series X",https://www.gamespot.com/a/uploads/scale_tiny/box/5/2/3/4/521879-775234.jpg
Marvel's Avengers,"Sep 4, 2020",67,Eidos Montreal,Square Enix,Action,"PC, Playstation 5, Xbox Series X",https://www.gamespot.com/a/uploads/scale_tiny/1593/15930215/3710100-avenge.jpg
"El Paso, Elsewhere","Sep 26, 2023",78,Strange Scaffold,Strange Scaffold,Action,"PC, Xbox Series X",https://www.gamespot.com/a/uploads/scale_tiny/box/2/1/1/6/532811-802116.jpg
The Mageseeker: A League of Legends Story,"Apr 18, 2023",78,Digital Sun,Riot Forge,Action,"Nintendo Switch, PC, Playstation 5, Xbox Series X",https://www.gamespot.com/a/uploads/scale_tiny/box/0/3/0/9/582540-920309.jpg
NORCO,"Mar 24, 2022",89,Geography of Robots,Raw Fury,Adventure,"PC, Playstation 5, Xbox Series X",https://www.gamespot.com/a/uploads/scale_tiny/box/8/6/7/5/507051-738675.jpg
Carrion,"Jul 23, 2020",75,Phobia Game Studio,Devolver Digital,Action,"Playstation 5, PC, Nintendo Switch",https://www.gamespot.com/a/uploads/scale_tiny/box/7/1/4/0/479939-667140.jpg
Tales of Arise,"Sep 10, 2021",87,Bandai Namco Games,Bandai Namco Games,Role-Playing,"PC, Playstation 5, Xbox Series X",https://www.gamespot.com/a/uploads/scale_tiny/box/5/6/4/5/497663-715645.jpg
Valiant Hearts: Coming Home,"Feb 1, 2023",73,Old Skull Games,Netflix,2D,"PC, Nintendo Switch",https://www.gamespot.com/a/uploads/scale_tiny/box/8/9/6/9/577614-908969.jpg
Hot Wheels Unleashed 2: Turbocharged,"Oct 16, 2023",77,Milestone S.r.l,Milestone S.r.l,Arcade,"Nintendo Switch, PC, Playstation 5, Xbox Series X",https://www.gamespot.com/a/uploads/scale_tiny/box/9/5/2/6/589832-939526.jpg
Life is Strange: Before the Storm,"Feb 1, 2022",77,Deck Nine Games,Square Enix,Action,PC,https://www.gamespot.com/a/uploads/scale_tiny/1197/11970954/3246170-zyiyuyzk.jpg
The Stanley Parable: Ultra Deluxe,"Apr 27, 2022",90,Crows Crows Crows,Crows Crows Crows,3D,"Nintendo Switch, PC, Playstation 5, Xbox Series X",https://www.gamespot.com/a/uploads/scale_tiny/box/4/2/0/8/192284-694208.jpg
Ori and the Will of the Wisps,"Mar 11, 2020",90,Mon Studios,iam8bit,Metroidvania,"PC, Nintendo Switch, Xbox Series X",https://www.gamespot.com/a/uploads/scale_tiny/1576/15769789/3246500-oritop.jpg
NBA 2K21,"Sep 3, 2020",68,Visual Concepts,2K Games,Arcade,"PC, Nintendo Switch, Playstation 5, Xbox Series X",https://www.gamespot.com/a/uploads/scale_tiny/box/5/7/7/5/513794-755775.jpg
Mortal Shell,"Aug 18, 2020",76,Cold Symmetry,PlayStack,Role-Playing,"Nintendo Switch, PC, Playstation 5, Xbox Series X",https://www.gamespot.com/a/uploads/scale_tiny/box/7/5/3/6/510197-747536.jpg
Twin Mirror,"Dec 1, 2020",65,DONTNOD Entertainment,DONTNOD Entertainment,Adventure,PC,https://www.gamespot.com/a/uploads/scale_tiny/box/5/4/5/3/483268-675453.jpg
Persona 5 Strikers,"Feb 19, 2021",83,Omega Force,ATLUS,Action,"PC, Nintendo Switch",https://www.gamespot.com/a/uploads/scale_tiny/box/9/5/9/6/495829-709596.jpg
Treachery in Beatdown City,"Mar 30, 2020",64,Nuchallenger,Nuchallenger,Action,"PC, Nintendo Switch, Xbox Series X",https://www.gamespot.com/a/uploads/scale_tiny/1440/14409144/2230808-default-art--square.jpg
Weird West,"Mar 31, 2022",76,Devolver Digital,Devolver Digital,Role-Playing,"Nintendo Switch, PC, Playstation 5, Xbox Series X",https://www.gamespot.com/a/uploads/scale_tiny/box/5/9/8/7/505929-735987.jpg
Sonic Origins,"Jun 23, 2022",78,Sega,Sega,Compilation,"PC, Nintendo Switch, Playstation 5, Xbox Series X",https://www.gamespot.com/a/uploads/scale_tiny/box/0/8/2/9/532380-800829.jpg
Resident Evil Village,"May 7, 2021",84,Capcom,Capcom,3D,"Nintendo Switch, PC, Playstation 5, Xbox Series X",https://www.gamespot.com/a/uploads/scale_tiny/box/5/7/7/9/513797-755779.jpg
Eiyuden Chronicle: Rising,"May 10, 2022",71,NATSUME ATARI Inc.,505 Games,Role-Playing,"Nintendo Switch, PC, Playstation 5, Xbox Series X",https://www.gamespot.com/a/uploads/scale_tiny/box/3/2/8/7/533236-803287.jpg
Resolutiion,"May 28, 2020",74,Monolith of Minds,Monolith of Minds,Action,"PC, Nintendo Switch",https://www.gamespot.com/a/uploads/scale_tiny/box/4/1/5/6/501308-724156.jpg
Roller Champions,"May 25, 2022",69,Ubisoft Montreal,Ubisoft,Sports,"PC, Nintendo Switch",https://www.gamespot.com/a/uploads/scale_tiny/box/5/8/1/4/497715-715814.jpg
Advance Wars 1 + 2: Re-Boot Camp,"Apr 21, 2023",83,WayForward,Nintendo,Turn-Based,Nintendo Switch,https://www.gamespot.com/a/uploads/scale_tiny/box/3/8/3/8/533310-803838.jpg
Umurangi Generation,"May 19, 2020",81,ORIGAME DIGITAL,ORIGAME DIGITAL,VR,"Playstation 5, PC, Nintendo Switch",https://www.gamespot.com/a/uploads/scale_tiny/box/3/8/4/4/508841-743844.jpg
We Are OFK,"Aug 18, 2022",76,Team OFK,Team OFK,Adventure,"Nintendo Switch, PC, Playstation 5",https://www.gamespot.com/a/uploads/scale_tiny/box/9/7/7/3/523765-779773.jpg
Granblue Fantasy: Versus,"Mar 3, 2020",78,Arc System Works,Xseed Games,2D,PC,https://www.gamespot.com/a/uploads/scale_tiny/1593/15930215/3540552-gran.gif
Dead Island 2,"Apr 21, 2023",73,Deep Silver Dambuster Studios,PLAION,3D,"PC, Playstation 5, Xbox Series X",https://www.gamespot.com/a/uploads/scale_tiny/1197/11970954/2556638-14384067381_91c642f333_o.jpg
The Pathless,"Nov 12, 2020",77,Giant Squid,Annapurna Interactive,Action,"Nintendo Switch, PC, Playstation 5, Xbox Series X",https://www.gamespot.com/a/uploads/scale_tiny/1593/15930215/3594076-screen%20shot%202019-10-18%20at%209.32.30%20am.png
In Other Waters,"Apr 3, 2020",78,Jump Over The Age,Fellow Traveller,Adventure,"PC, Nintendo Switch",https://www.gamespot.com/a/uploads/scale_tiny/box/1/0/0/2/485059-681002.jpg
Bear and Breakfast,"Jul 28, 2022",72,Gummy Cat,Armor Games,Strategy,"PC, Nintendo Switch, Playstation 5",https://www.gamespot.com/a/uploads/scale_tiny/box/3/8/6/7/517329-763867.jpg
Cloudpunk,"Apr 23, 2020",73,ION LANDS,ION LANDS,Adventure,"Playstation 5, PC, Nintendo Switch, Xbox Series X",https://www.gamespot.com/a/uploads/scale_tiny/box/1/6/3/9/489149-691639.jpg
Microsoft Flight Simulator,"Aug 18, 2020",91,Asobo Studio,Xbox Game Studios,Simulation,"PC, Xbox Series X",https://www.gamespot.com/a/bundles/gamespotsite/images/box-art--square.jpg
MLB The Show 24,"Mar 15, 2024",80,Sony Interactive Entertainment San Diego Studio,MLBAM,Baseball,"Nintendo Switch, Playstation 5, Xbox Series X",https://www.gamespot.com/a/uploads/scale_tiny/box/7/9/9/0/616202-997990.jpg
Fire Emblem Engage,"Jan 20, 2023",80,Intelligent Systems,Nintendo,Turn-Based,Nintendo Switch,https://www.gamespot.com/a/uploads/scale_tiny/box/1/9/9/5/572012-891995.jpg
Chicory: A Colorful Tale,"Jun 10, 2021",90,Greg Lobanov,Finji,Adventure,"Nintendo Switch, PC, Playstation 5, Xbox Series X",https://www.gamespot.com/a/uploads/scale_tiny/box/3/7/8/6/501181-723786.jpg
Before Your Eyes,"Apr 8, 2021",77,GoodbyeWorld Games,Netflix,VR,"PC, Playstation 5",https://www.gamespot.com/a/uploads/scale_tiny/box/1/3/9/6/508161-741396.jpg
Olija,"Jan 28, 2021",77,Skeleton Crew Studio,Devolver Digital,Platformer,"PC, Nintendo Switch",https://www.gamespot.com/a/uploads/scale_tiny/box/1/9/1/5/485429-681915.jpg
FIFA 22,"Sep 27, 2021",78,EA Canada,Electronic Arts,Simulation,"Playstation 5, PC, Nintendo Switch, Xbox Series X",https://www.gamespot.com/a/uploads/scale_tiny/box/7/2/8/8/534551-807288.jpg
Maneater,"May 22, 2020",70,Blindside Interactive,Tripwire Interactive,Action,"Playstation 5, PC, Nintendo Switch, Xbox Series X",https://www.gamespot.com/a/uploads/scale_tiny/box/8/7/0/0/467444-638700.jpg
Riders Republic,"Oct 28, 2021",77,Ubisoft,Ubisoft,Sports,"PC, Playstation 5, Xbox Series X",https://www.gamespot.com/a/uploads/scale_tiny/box/6/9/7/6/518603-766976.jpg
Lost in Random,"Sep 10, 2021",78,Zoink!,Electronic Arts,Action,"Playstation 5, PC, Nintendo Switch, Xbox Series X",https://www.gamespot.com/a/uploads/scale_tiny/box/5/5/4/7/497642-715547.jpg
Rogue Legacy 2,"Aug 18, 2020",88,Cellar Door Games,Cellar Door Games,Role-Playing,"Playstation 5, PC, Nintendo Switch, Xbox Series X",https://www.gamespot.com/a/uploads/scale_tiny/box/7/7/1/7/510292-747717.jpg
Pacific Drive,"Feb 21, 2024",79,Ironwood,Ironwood,Survival,"PC, Playstation 5",https://www.gamespot.com/a/uploads/scale_tiny/box/2/1/1/4/572027-892114.jpg
Capcom Fighting Collection,"Jun 24, 2022",79,Capcom,Capcom,Compilation,"PC, Nintendo Switch",https://www.gamespot.com/a/uploads/scale_tiny/box/4/6/7/5/558636-854675.jpg
Hyrule Warriors: Age of Calamity,"Nov 20, 2020",78,Omega Force,Nintendo,3D,Nintendo Switch,https://www.gamespot.com/a/uploads/scale_tiny/box/6/4/2/7/518353-766427.jpg
Pentiment,"Nov 14, 2022",86,Obsidian Entertainment,Limited Run Games,Adventure,"Playstation 5, PC, Nintendo Switch, Xbox Series X",https://www.gamespot.com/a/uploads/scale_tiny/box/5/5/9/1/566099-875591.jpg
Wild Hearts,"Feb 17, 2023",79,Omega Force,Electronic Arts,Role-Playing,"PC, Playstation 5, Xbox Series X",https://www.gamespot.com/a/uploads/scale_tiny/box/4/6/2/8/572856-894628.jpg
Evergate,"Aug 18, 2020",70,Stone Lantern Games LLC,PQube,Platformer,"Playstation 5, PC, Nintendo Switch, Xbox Series X",https://www.gamespot.com/a/uploads/scale_tiny/box/3/6/2/1/486090-683621.jpg
Ninjala,"Jun 24, 2020",68,Soleil Ltd.,"GungHo Online Entertainment America, Inc.",Action,Nintendo Switch,https://www.gamespot.com/a/uploads/scale_tiny/box/6/1/0/3/483430-676103.jpg
Famicom Detective Club: The Missing Heir,"May 14, 2021",74,Mages.,Nintendo,Adventure,Nintendo Switch,https://www.gamespot.com/a/uploads/scale_tiny/box/7/6/0/8/527219-787608.jpg
Rock of Ages 3: Make & Break,"Jul 21, 2020",72,ACE Team,Modus,Strategy,"PC, Nintendo Switch",https://www.gamespot.com/a/uploads/scale_tiny/box/3/7/0/7/501145-723707.jpg
FIFA 21,"Oct 6, 2020",72,Electronic Arts,Electronic Arts,Simulation,"Playstation 5, PC, Nintendo Switch, Xbox Series X",https://www.gamespot.com/a/uploads/scale_tiny/box/6/9/4/4/514266-756944.jpg
Helldivers 2,"Feb 8, 2024",82,Arrowhead Game Studios,PlayStation PC,Action,"PC, Playstation 5",https://www.gamespot.com/a/uploads/scale_tiny/box/8/3/9/0/589428-938390.jpg
Psychonauts 2,"Aug 25, 2021",87,Double Fine Productions,Xbox Game Studios,3D,"PC, Xbox Series X",https://www.gamespot.com/a/uploads/scale_tiny/1574/15746725/3476207-small.jpg
Disney Dreamlight Valley,"Sep 6, 2022",70,Gameloft,Gameloft,Simulation,"Nintendo Switch, PC, Playstation 5, Xbox Series X",https://www.gamespot.com/a/uploads/scale_tiny/box/7/9/9/7/563578-867997.jpg
Ikenfell,"Oct 8, 2020",73,Happy Ray Games,Humble Games,Role-Playing,"PC, Nintendo Switch",https://www.gamespot.com/a/uploads/scale_tiny/box/0/7/2/5/481450-670725.jpg
Nioh 2,"Mar 13, 2020",85,Team Ninja,Koei Tecmo Games,Role-Playing,"PC, Playstation 5",https://www.gamespot.com/a/uploads/scale_tiny/box/6/0/7/4/483420-676074.jpg
Paper Mario: The Origami King,"Jul 17, 2020",80,Intelligent Systems,Nintendo,Role-Playing,Nintendo Switch,https://www.gamespot.com/a/uploads/scale_tiny/box/2/3/9/5/512300-752395.jpg
Another Code: Recollection,"Jan 19, 2024",73,Arc System Works,Nintendo,Compilation,Nintendo Switch,https://www.gamespot.com/a/uploads/scale_tiny/box/6/8/4/9/603152-966849.jpg
Biomutant,"May 25, 2021",66,Experiment 101,THQ Nordic,Action,"Nintendo Switch, PC, Playstation 5, Xbox Series X",https://www.gamespot.com/a/uploads/scale_tiny/box/2/5/1/5/469225-642515.jpg
Resident Evil 3,"Apr 3, 2020",79,Capcom,Capcom,3D,"Nintendo Switch, PC, Playstation 5, Xbox Series X",https://www.gamespot.com/a/uploads/scale_tiny/1574/15746725/3645502-123.jpg
Gnosia,"Mar 4, 2021",82,Petit Depotto,Petit Depotto,Adventure,"PC, Nintendo Switch, Playstation 5, Xbox Series X",https://www.gamespot.com/a/uploads/scale_tiny/box/7/8/8/9/464609-717889.jpg
Panzer Paladin,"Jul 21, 2020",77,Tribute Games,Tribute Games,Platformer,"PC, Nintendo Switch",https://www.gamespot.com/a/uploads/scale_tiny/box/4/0/4/9/508909-744049.jpg
Cult of the Lamb,"Aug 11, 2022",82,Massive Monster,Devolver Digital,Adventure,"Nintendo Switch, PC, Playstation 5, Xbox Series X",https://www.gamespot.com/a/uploads/scale_tiny/box/3/7/5/5/536959-813755.jpg
Grounded,"Jul 28, 2020",82,Double Eleven,Xbox Game Studios,Adventure,"Playstation 5, PC, Nintendo Switch, Xbox Series X",https://www.gamespot.com/a/uploads/scale_tiny/box/2/7/2/8/504764-732728.jpg
New Tales from the Borderlands,"Oct 21, 2022",69,Mass Media,2K Games,Adventure,"Nintendo Switch, PC, Playstation 5, Xbox Series X",https://www.gamespot.com/a/uploads/scale_tiny/box/6/7/5/6/563147-866756.jpg
Dying Light 2 Stay Human,"Feb 4, 2022",76,Techland,Techland,3D,"Nintendo Switch, PC, Playstation 5, Xbox Series X",https://www.gamespot.com/a/uploads/scale_tiny/box/5/8/0/9/483358-675809.jpg
"Warhammer 40,000: Boltgun","May 23, 2023",75,Auroch Digital,Focus Entertainment,Shooter,"Nintendo Switch, PC, Playstation 5, Xbox Series X",https://www.gamespot.com/a/uploads/scale_tiny/box/3/2/2/0/565454-873220.jpg
Sonic Frontiers,"Nov 8, 2022",70,Sonic Team,Sega,3D,"PC, Nintendo Switch, Playstation 5, Xbox Series X",https://www.gamespot.com/a/uploads/scale_tiny/box/0/8/4/0/532386-800840.jpg
WarioWare: Move It!,"Nov 3, 2023",75,Intelligent Systems,Nintendo,Party/Minigame,Nintendo Switch,https://www.gamespot.com/a/uploads/scale_tiny/box/4/7/1/8/591687-944718.jpg
Game Builder Garage,"Jun 11, 2021",77,Nintendo,Nintendo,N/A,Nintendo Switch,https://www.gamespot.com/a/uploads/scale_tiny/box/7/8/5/7/531154-797857.jpg
Marvel's Guardians of the Galaxy,"Oct 26, 2021",80,Eidos Montreal,Square Enix,Action,"Nintendo Switch, PC, Playstation 5, Xbox Series X",https://www.gamespot.com/a/uploads/scale_tiny/box/3/3/3/1/533247-803331.jpg
Ratchet & Clank: Rift Apart,"Jun 11, 2021",88,Nixxes Software,Sony Interactive Entertainment,Platformer,"PC, Playstation 5",https://www.gamespot.com/a/uploads/scale_tiny/box/5/7/6/0/513782-755760.jpg
Good Job!,"Mar 26, 2020",78,Paladin Studios,Nintendo,Action,Nintendo Switch,https://www.gamespot.com/a/uploads/scale_tiny/box/6/8/3/5/509966-746835.jpg
Star Renegades,"Sep 8, 2020",77,"Massive Damage, Inc.",Raw Fury,Strategy,"PC, Nintendo Switch",https://www.gamespot.com/a/uploads/scale_tiny/box/6/4/2/1/479637-666421.jpg
Life is Strange: True Colors,"Sep 10, 2021",81,Deck Nine Games,Square Enix,Action,"Nintendo Switch, PC, Playstation 5, Xbox Series X",https://www.gamespot.com/a/uploads/scale_tiny/box/1/7/9/7/528716-791797.jpg
Spelunky 2,"Sep 15, 2020",87,Mossmouth,Mossmouth,Platformer,"PC, Nintendo Switch, Xbox Series X",https://www.gamespot.com/a/uploads/scale_tiny/1593/15930215/3563969-screen%20shot%202019-07-25%20at%209.01.05%20am.png
Sonic Superstars,"Oct 17, 2023",73,Arzest,Sega,2D,"Nintendo Switch, PC, Playstation 5, Xbox Series X",https://www.gamespot.com/a/uploads/scale_tiny/box/1/6/3/2/590637-941632.jpg
Grapple Dog,"Feb 10, 2022",76,Joseph Gribbin,"H2 Interactive Co., Ltd.",Platformer,"PC, Nintendo Switch, Xbox Series X",https://www.gamespot.com/a/uploads/scale_tiny/box/3/1/6/3/525369-783163.jpg
Deathloop,"Sep 14, 2021",88,Arkane Studios,Bethesda Softworks,3D,"PC, Playstation 5, Xbox Series X",https://www.gamespot.com/a/uploads/scale_tiny/1593/15930215/3695852-1.jpg
Dragon Quest Treasures,"Dec 9, 2022",72,TOSE,Square Enix,Role-Playing,"PC, Nintendo Switch",https://www.gamespot.com/a/uploads/scale_tiny/box/8/0/3/2/532329-878032.jpg
Necrobarista,"Jul 17, 2020",81,Route 59,Route 59,Adventure,"PC, Nintendo Switch",https://www.gamespot.com/a/uploads/scale_tiny/172/1720905/3313467-pax001.jpg
Dead Space,"Jan 27, 2023",89,Motive Studios,Electronic Arts,3D,"PC, Playstation 5, Xbox Series X",https://www.gamespot.com/a/uploads/scale_tiny/box/9/0/8/9/535206-809089.jpg
Return to Monkey Island,"Sep 19, 2022",87,Terrible Toybox,Devolver Digital,Adventure,"Playstation 5, PC, Nintendo Switch, Xbox Series X",https://www.gamespot.com/a/uploads/scale_tiny/box/3/6/3/5/562009-863635.jpg
DIRT 5,"Nov 3, 2020",79,Codemasters,Deep Silver,Driving/Racing,"PC, Playstation 5, Xbox Series X",https://www.gamespot.com/a/uploads/scale_tiny/box/4/8/9/4/511891-774894.jpg
Humanity,"May 16, 2023",86,Tha Ltd.,Enhance Games,Action,"PC, Playstation 5, Xbox Series X",https://www.gamespot.com/a/uploads/scale_tiny/box/7/7/7/9/502645-727779.jpg
Like a Dragon Gaiden: The Man Who Erased His Name,"Nov 9, 2023",78,Ryu ga Gotoku Studios,Sega,Action,"PC, Playstation 5, Xbox Series X",https://www.gamespot.com/a/uploads/scale_tiny/box/2/2/4/6/572099-892246.jpg
Crusader Kings III,"Sep 1, 2020",91,Paradox Interactive,Paradox Interactive,Real-Time,"PC, Playstation 5, Xbox Series X",https://www.gamespot.com/a/uploads/scale_tiny/box/0/0/8/1/503504-730081.jpg
Desta: The Memories Between,"Sep 27, 2022",73,ustwo,Netflix,Strategy,"PC, Nintendo Switch",https://www.gamespot.com/a/uploads/scale_tiny/box/6/6/7/6/566278-876676.jpg
Digimon Survive,"Jul 29, 2022",70,Hyde,Bandai Namco Games,Strategy,"PC, Nintendo Switch, Xbox Series X",https://www.gamespot.com/a/uploads/scale_tiny/1574/15746725/3483548-untitled-1.jpg
Call of Duty: Warzone,"Nov 14, 2022",79,Infinity Ward,Activision,Action,"PC, Playstation 5, Xbox Series X",https://www.gamespot.com/a/uploads/scale_tiny/box/2/7/4/3/572198-892743.jpg
Bugsnax,"Nov 12, 2020",75,"Young Horses, Inc","Young Horses, Inc",Adventure,"Nintendo Switch, PC, Playstation 5, Xbox Series X",https://www.gamespot.com/a/uploads/scale_tiny/box/5/7/7/6/513795-755776.jpg
A Total War Saga: TROY,"Aug 13, 2020",75,Creative Assembly,Sega,Strategy,PC,https://www.gamespot.com/a/uploads/scale_tiny/box/7/2/4/5/502448-727245.jpg
The Legend of Zelda: Tears of the Kingdom,"May 12, 2023",96,Nintendo,Nintendo,Action,Nintendo Switch,https://www.gamespot.com/a/uploads/scale_tiny/box/5/9/7/4/497748-715974.jpg
Mario Golf: Super Rush,"Jun 25, 2021",70,Camelot Software Planning,Nintendo,Arcade,Nintendo Switch,https://www.gamespot.com/a/uploads/scale_tiny/box/7/6/1/2/527222-787612.jpg
Minecraft Legends,"Apr 18, 2023",71,Mojang AB,Mojang AB,Real-Time,"Playstation 5, PC, Nintendo Switch, Xbox Series X",https://www.gamespot.com/a/uploads/scale_tiny/box/5/5/8/5/566097-875585.jpg
Guilty Gear -Strive-,"Jun 8, 2021",87,Arc System Works,Arc System Works,2D,"PC, Playstation 5, Xbox Series X",https://www.gamespot.com/a/uploads/scale_tiny/box/2/1/4/6/502288-762146.jpg
NEO: The World Ends with You,"Jul 27, 2021",80,h.a.n.d. Inc.,Square Enix,Action,"PC, Nintendo Switch",https://www.gamespot.com/a/uploads/scale_tiny/box/7/2/5/5/522686-777255.jpg
Super Mario Bros. Wonder,"Oct 20, 2023",92,Nintendo,Nintendo,Platformer,Nintendo Switch,https://www.gamespot.com/a/uploads/scale_tiny/box/4/7/1/9/591688-944719.jpg
OlliOlli World,"Feb 8, 2022",84,roll7,Private Division,2D,"PC, Nintendo Switch, Playstation 5, Xbox Series X",https://www.gamespot.com/a/uploads/scale_tiny/box/5/4/2/1/530136-795421.jpg
Mundaun,"Mar 16, 2021",72,Hidden Fields,MWM Interactive,3D,"Playstation 5, PC, Nintendo Switch, Xbox Series X",https://www.gamespot.com/a/uploads/scale_tiny/box/3/2/9/2/482576-673292.jpg
Another Crab's Treasure,"Apr 25, 2024",79,Aggro Crab,Aggro Crab,Action,"PC, Nintendo Switch, Playstation 5, Xbox Series X",https://www.gamespot.com/a/uploads/scale_tiny/box/0/1/3/8/564470-870138.jpg
Disney TRON: Identity,"Apr 11, 2023",67,Bithell Games,Bithell Games,Adventure,"PC, Nintendo Switch",https://www.gamespot.com/a/uploads/scale_tiny/box/1/6/0/2/571854-891602.jpg
LEGO Star Wars: The Skywalker Saga,"Apr 5, 2022",82,TT Games,Warner Bros. Interactive Entertainment,Action,"Playstation 5, PC, Nintendo Switch, Xbox Series X",https://www.gamespot.com/a/uploads/scale_tiny/box/5/6/2/6/497660-715626.jpg
The Medium,"Jan 28, 2021",71,Bloober Team,Bloober Team,3D,"Nintendo Switch, PC, Playstation 5, Xbox Series X",https://www.gamespot.com/a/uploads/scale_tiny/box/1/4/7/9/511890-751479.jpg
Nintendo Switch Sports,"Apr 29, 2022",72,Nintendo,Nintendo,Sports,Nintendo Switch,https://www.gamespot.com/a/uploads/scale_tiny/box/2/4/1/1/557738-852411.jpg
Tell Me Why,"Aug 27, 2020",78,DONTNOD Entertainment,Xbox Game Studios,Adventure,"PC, Xbox Series X",https://www.gamespot.com/a/uploads/scale_tiny/box/7/6/8/2/504767-757682.jpg
The Pedestrian,"Jan 29, 2020",81,Skookum Arts,Skookum Arts,Action,"Playstation 5, PC, Nintendo Switch, Xbox Series X",https://www.gamespot.com/a/uploads/scale_tiny/box/9/9/8/7/460176-619987.jpg
Immortals Fenyx Rising,"Dec 3, 2020",81,Ubisoft Quebec,Ubisoft,Action,"Playstation 5, PC, Nintendo Switch, Xbox Series X",https://www.gamespot.com/a/uploads/scale_tiny/box/5/8/1/7/497716-715817.jpg
Stray Gods: The Roleplaying Musical,"Aug 10, 2023",75,Summerfall Studios,Humble Games,Role-Playing,"Nintendo Switch, PC, Playstation 5, Xbox Series X",https://www.gamespot.com/a/uploads/scale_tiny/box/0/4/1/3/560766-860413.jpg
Pepper Grinder,"Mar 28, 2024",78,Ahr Ech,Devolver Digital,Platformer,"PC, Nintendo Switch",https://www.gamespot.com/a/uploads/scale_tiny/box/3/3/1/4/575754-903314.jpg
Age of Empires IV,"Oct 28, 2021",81,Relic,Xbox Game Studios,Real-Time,"PC, Xbox Series X",https://www.gamespot.com/a/uploads/scale_tiny/box/4/9/4/8/469271-794948.jpg
Horizon Forbidden West,"Feb 18, 2022",88,Nixxes Software,PlayStation PC,Action,"PC, Playstation 5",https://www.gamespot.com/a/uploads/scale_tiny/box/5/7/8/1/513799-755781.jpg
Unsighted,"Sep 30, 2021",84,Studio Pixel Punk,Humble Games,Action,"PC, Nintendo Switch",https://www.gamespot.com/a/uploads/scale_tiny/box/0/5/0/8/496090-710508.jpg
Tetris Effect: Connected,"Nov 10, 2020",88,Monstars Inc.,Enhance Games,Matching/Stacking,"Playstation 5, PC, Nintendo Switch, Xbox Series X",https://www.gamespot.com/a/uploads/scale_tiny/box/1/1/0/5/516157-761105.jpg
Fall Guys,"Aug 4, 2020",81,Mediatonic,Epic Games,Party/Minigame,"Playstation 5, PC, Nintendo Switch, Xbox Series X",https://www.gamespot.com/a/uploads/scale_tiny/1576/15769789/3734627-header%281%29.jpg
Project CARS 3,"Aug 3, 2020",70,Slightly Mad Studios,Bandai Namco Games,Simulation,PC,https://www.gamespot.com/a/uploads/scale_tiny/box/2/2/3/9/513385-762239.jpg
Half-Life: Alyx,"Mar 23, 2020",93,Valve Software,Valve Software,3D,PC,https://www.gamespot.com/a/uploads/scale_tiny/1593/15930215/3607221-header.jpg
SpongeBob SquarePants: The Cosmic Shake,"Jan 31, 2023",70,HandyGames,HandyGames,3D,"PC, Nintendo Switch, Playstation 5, Xbox Series X",https://www.gamespot.com/a/uploads/scale_tiny/box/7/8/3/9/538333-817839.jpg
Xenoblade Chronicles 3,"Jul 29, 2022",89,Monolith Soft,Nintendo,Role-Playing,Nintendo Switch,https://www.gamespot.com/a/uploads/scale_tiny/box/2/4/1/8/557740-852418.jpg
New Pokemon Snap,"Apr 30, 2021",79,Bandai Namco Games,Nintendo,Action,Nintendo Switch,https://www.gamespot.com/a/uploads/scale_tiny/box/6/4/6/7/514100-756467.jpg
MLB The Show 23,"Mar 24, 2023",82,Sony Interactive Entertainment San Diego Studio,MLBAM,Baseball,"Nintendo Switch, Playstation 5, Xbox Series X",https://www.gamespot.com/a/uploads/scale_tiny/box/7/5/3/2/581284-917532.jpg
Master Detective Archives: RAIN CODE,"Jun 30, 2023",77,Too Kyo Games,Spike Chunsoft,Adventure,"PC, Nintendo Switch, Playstation 5, Xbox Series X",https://www.gamespot.com/a/uploads/scale_tiny/box/1/3/4/2/544699-831342.jpg
Viewfinder,"Jul 18, 2023",84,Sad Owl Studios,Thunderful,First-Person,"PC, Playstation 5",https://www.gamespot.com/a/uploads/scale_tiny/box/8/9/8/0/577616-908980.jpg
Final Fantasy VII Remake,"Apr 10, 2020",87,Square Enix,Square Enix,Role-Playing,"PC, Playstation 5",https://www.gamespot.com/a/uploads/scale_tiny/1593/15930215/3546367-screen%20shot%202019-06-11%20at%203.04.46%20pm.png
Super Mario 3D All-Stars,"Sep 18, 2020",82,Nintendo,Nintendo,Compilation,Nintendo Switch,https://www.gamespot.com/a/uploads/scale_tiny/box/6/0/8/5/518190-766085.jpg
RiffTrax: The Game,"May 5, 2022",79,Wide Right Interactive,Wide Right Interactive,Party/Minigame,"PC, Nintendo Switch",https://www.gamespot.com/a/uploads/scale_tiny/box/9/9/7/7/560644-859977.jpg
Nickelodeon All-Star Brawl,"Oct 5, 2021",65,Ludosity Interactive,GameMill Entertainment,2D,"PC, Nintendo Switch, Playstation 5, Xbox Series X",https://www.gamespot.com/a/uploads/scale_tiny/box/7/5/1/2/534667-807512.jpg
If Found...,"May 18, 2020",84,dreamfeel,Annapurna Interactive,Adventure,"PC, Nintendo Switch",https://www.gamespot.com/a/uploads/scale_tiny/box/5/0/3/1/501672-725031.jpg
Granblue Fantasy: Relink,"Jan 29, 2024",80,Cygames,Cygames,Role-Playing,"PC, Playstation 5",https://www.gamespot.com/a/uploads/scale_tiny/box/8/3/2/1/457900-838321.jpg
WarioWare: Get It Together!,"Sep 10, 2021",76,Intelligent Systems,Nintendo,Party/Minigame,Nintendo Switch,https://www.gamespot.com/a/uploads/scale_tiny/box/3/8/3/2/533308-803832.jpg
Sam & Max: Beyond Time and Space,"Dec 8, 2021",80,Telltale Games,Telltale Games,Adventure,"PC, Nintendo Switch",https://www.gamespot.com/a/uploads/scale_tiny/box/6/7/4/6/40703-106746.jpg
Watch Dogs: Legion,"Oct 29, 2020",76,Ubisoft,Ubisoft,Action,"PC, Playstation 5, Xbox Series X",https://www.gamespot.com/a/uploads/scale_tiny/box/5/9/4/7/497453-715947.jpg
Aragami 2,"Sep 17, 2021",64,Lince Works,Arc System Works,Adventure,"Nintendo Switch, PC, Playstation 5, Xbox Series X",https://www.gamespot.com/a/uploads/scale_tiny/box/5/2/7/8/517831-765278.jpg
Sea of Stars,"Aug 29, 2023",87,Sabotage Studio,Sabotage Studio,Role-Playing,"Playstation 5, PC, Nintendo Switch, Xbox Series X",https://www.gamespot.com/a/uploads/scale_tiny/box/6/2/3/6/509725-746236.jpg
Balatro,"Feb 20, 2024",90,LocalThunk,PlayStack,Card Game,"Nintendo Switch, PC, Playstation 5, Xbox Series X",https://www.gamespot.com/a/uploads/scale_tiny/box/8/1/6/2/589348-938162.jpg
Venba,"Jul 31, 2023",79,Visai Games,Visai Games,Adventure,"Playstation 5, PC, Nintendo Switch, Xbox Series X",https://www.gamespot.com/a/uploads/scale_tiny/box/0/4/8/8/524069-780488.jpg
Ghost of Tsushima,"Jul 17, 2020",83,Nixxes Software,PlayStation PC,Action,"PC, Playstation 5",https://www.gamespot.com/a/uploads/scale_tiny/1197/11970954/3353350-ghostoftsushima-box.jpg
Monster Hunter Rise,"Mar 26, 2021",88,Capcom,Capcom,Action,"PC, Nintendo Switch, Playstation 5, Xbox Series X",https://www.gamespot.com/a/uploads/scale_tiny/box/7/9/1/9/519025-767919.jpg
Scarlet Nexus,"Jun 25, 2021",80,Bandai Namco Games,Bandai Namco Games,Action,"PC, Playstation 5, Xbox Series X",https://www.gamespot.com/a/uploads/scale_tiny/box/1/4/9/7/511895-751497.jpg
XCOM: Chimera Squad,"Apr 23, 2020",77,Firaxis Games,2K Games,Strategy,PC,https://www.gamespot.com/a/uploads/scale_tiny/box/8/7/5/0/510738-748750.jpg
NBA 2K24,"Sep 8, 2023",68,Visual Concepts,2K Games,Basketball,"Nintendo Switch, PC, Playstation 5, Xbox Series X",https://www.gamespot.com/a/bundles/gamespotsite/images/box-art--square.jpg
Cyberpunk 2077,"Dec 10, 2020",86,CD Projekt Red Studio,Warner Bros. Interactive Entertainment,Action,"PC, Playstation 5, Xbox Series X",https://www.gamespot.com/a/uploads/scale_tiny/1593/15930215/3548789-unknown.jpg
Call of Duty: Warzone Caldera,"Mar 10, 2020",79,Infinity Ward,Activision,First-Person,PC,https://www.gamespot.com/a/uploads/scale_tiny/1593/15930215/3662392-1584724927_267836_1584725024_noticia_normal.jpg
THE FINALS,"Dec 7, 2023",80,Embark Studios,Embark Studios,First-Person,"PC, Playstation 5, Xbox Series X",https://www.gamespot.com/a/uploads/scale_tiny/box/8/5/2/0/570887-888520.jpg
Death's Door,"Jul 20, 2021",85,Acid Nerve,Devolver Digital,Adventure,"Nintendo Switch, PC, Playstation 5, Xbox Series X",https://www.gamespot.com/a/uploads/scale_tiny/box/2/9/4/8/529059-792948.jpg
Nickelodeon All-Star Brawl 2,"Nov 7, 2023",77,Ludosity Interactive,GameMill Entertainment,2D,"Nintendo Switch, PC, Playstation 5, Xbox Series X",https://www.gamespot.com/a/uploads/scale_tiny/box/3/7/6/7/596244-953767.jpg
Ultros,"Feb 13, 2024",79,Hadoque,Kepler Interactive,Platformer,"PC, Playstation 5",https://www.gamespot.com/a/uploads/scale_tiny/box/8/4/1/8/589439-938418.jpg
EA Sports FC 24,"Sep 22, 2023",75,EA Canada,Electronic Arts,Simulation,"Nintendo Switch, PC, Playstation 5, Xbox Series X",https://www.gamespot.com/a/uploads/scale_tiny/box/9/2/7/7/593624-949277.jpg
WindJammers 2,"Jan 20, 2022",78,DotEmu,DotEmu,Sports,"PC, Nintendo Switch, Playstation 5, Xbox Series X",https://www.gamespot.com/a/uploads/scale_tiny/box/3/3/1/2/485985-683312.jpg
Planet of Lana,"May 23, 2023",80,Wishfully,Thunderful,Adventure,"Playstation 5, PC, Nintendo Switch, Xbox Series X",https://www.gamespot.com/a/uploads/scale_tiny/box/2/7/3/2/533059-802732.jpg
SIFU,"Feb 6, 2022",81,Sloclap,Sloclap,3D,"Nintendo Switch, PC, Playstation 5, Xbox Series X",https://www.gamespot.com/a/uploads/scale_tiny/box/8/8/0/1/527647-788801.jpg
Oxenfree II: Lost Signals,"Jul 12, 2023",73,Night School Studio,Netflix,Adventure,"PC, Nintendo Switch, Playstation 5",https://www.gamespot.com/a/uploads/scale_tiny/box/5/4/2/6/530139-795426.jpg
Animal Well,"May 9, 2024",91,Shared Memory,Limited Run Games,Metroidvania,"Nintendo Switch, PC, Playstation 5",https://www.gamespot.com/a/uploads/scale_tiny/box/2/4/5/1/557748-852451.jpg
The Big Con,"Aug 31, 2021",77,Mighty Yell,Mighty Yell,Adventure,"Nintendo Switch, PC, Playstation 5, Xbox Series X",https://www.gamespot.com/a/uploads/scale_tiny/box/3/7/7/2/501174-723772.jpg
Bright Memory: Infinite,"Nov 11, 2021",67,FYQD-Studio,Playism,Shooter,"Nintendo Switch, PC, Playstation 5, Xbox Series X",https://www.gamespot.com/a/uploads/scale_tiny/box/6/5/3/4/506156-736534.jpg
Armored Core VI: Fires of Rubicon,"Aug 24, 2023",86,From Software,From Software,Simulation,"PC, Playstation 5, Xbox Series X",https://www.gamespot.com/a/uploads/scale_tiny/box/9/0/2/7/577631-909027.jpg
Bloodstained: Curse of the Moon 2,"Jul 10, 2020",82,Inti,Limited Run Games,Platformer,"PC, Nintendo Switch",https://www.gamespot.com/a/uploads/scale_tiny/box/7/2/0/7/514411-757207.jpg
WWE 2K24,"Mar 5, 2024",81,Visual Concepts,2K Games,Action,"PC, Playstation 5, Xbox Series X",https://www.gamespot.com/a/uploads/scale_tiny/box/6/0/3/1/615521-996031.jpg
Monster Hunter Stories 2: Wings of Ruin,"Jul 9, 2021",81,Capcom,Capcom,Role-Playing,"PC, Nintendo Switch",https://www.gamespot.com/a/uploads/scale_tiny/box/7/9/2/0/519026-767920.jpg
Sam & Max: Save the World,"Dec 2, 2020",75,Skunkape Games,Skunkape Games,Adventure,"PC, Nintendo Switch",https://www.gamespot.com/a/uploads/scale_tiny/box/4/4/4/1/30182-84441.jpg
