Title,Release Date,Score,Developer,Publisher,Genre,Platforms,Image URL
Chinatown Detective Agency,"Apr 7, 2022",66,General Interactive Co.,Humble Games,Adventure,"PC, Nintendo Switch",/public/game_images/Chinatown_Detective_Agency.jpg
Animal Crossing: New Horizons,"Mar 20, 2020",90,Nintendo,Nintendo,Simulation,Nintendo Switch,
Oddworld: Soulstorm,"Apr 6, 2021",67,Oddworld Inhabitants,Microids,Action,"Nintendo Switch, PC, PlayStation 5, Xbox Series X",
MindSeize,"Feb 7, 2020",74,Kamina Dimension,First Press Games,2D,"PC, Nintendo Switch",/public/game_images/MindSeize.jpg
Mario Party Superstars,"Oct 29, 2021",80,Nd Cube,Nintendo,Party/Minigame,Nintendo Switch,/public/game_images/Mario_Party_Superstars.jpg
Fire Emblem Warriors: Three Hopes,"Jun 24, 2022",80,Koei Tecmo Games,Nintendo,3D,Nintendo Switch,
Life is Strange,"Feb 1, 2022",85,Feral Interactive,Square Enix,Action,PC,/public/game_images/Life_is_Strange.jpg
Fight Crab,"Jul 29, 2020",60,Calappa Games,Nussoft,Action,"PC, Nintendo Switch",/public/game_images/Fight_Crab.jpg
Eiyuden Chronicle: Hundred Heroes,"Apr 21, 2024",79,Rabbit & Bear Studios,505 Games,Role-Playing,"Nintendo Switch, PC, PlayStation 5, Xbox Series X",
WWE 2K23,"Mar 14, 2023",82,Visual Concepts,2K Games,Action,"PC, PlayStation 5, Xbox Series X",/public/game_images/WWE_2K23.jpg
Dragon Ball Z: Kakarot,"Jan 17, 2020",73,CyberConnect2,Bandai Namco Games,Action,"Nintendo Switch, PC, PlayStation 5, Xbox Series X",
Super Monkey Ball: Banana Mania,"Oct 2, 2021",76,Sega,Sega,Compilation,"PC, Nintendo Switch, PlayStation 5, Xbox Series X",
Prince of Persia: The Lost Crown,"Jan 15, 2024",86,Ubisoft Montpellier,Ubisoft,Action,"Nintendo Switch, PC, PlayStation 5, Xbox Series X",
Cyber Shadow,"Jan 26, 2021",82,"Aarne ""MekaSkull"" Hunziker",Yacht Club Games,Platformer,"PC, Nintendo Switch, PlayStation 5",/public/game_images/Cyber_Shadow.jpg
The Dark Pictures Anthology: Little Hope,"Oct 30, 2020",71,SuperMassive Games,Bandai Namco Games,Third-Person,"Nintendo Switch, PC, PlayStation 5",
Sable,"Sep 23, 2021",76,Shed-Works,Raw Fury,Adventure,"PC, PlayStation 5, Xbox Series X",/public/game_images/Sable.jpg
Super Mario Bros. 35,"Oct 1, 2020",75,Nintendo,Nintendo,2D,Nintendo Switch,/public/game_images/Super_Mario_Bros._35.jpg
Forza Horizon 5,"Nov 5, 2021",92,PLAYGROUND,Xbox Game Studios,Simulation,"PC, Xbox Series X",/public/game_images/Forza_Horizon_5.jpg
Pokemon UNITE,"Jul 21, 2021",70,TiMi Studios,The Pokemon Company,MOBA,Nintendo Switch,/public/game_images/Pokemon_UNITE.jpg
Road 96,"Aug 16, 2021",79,Digixart Entertainment,Digixart Entertainment,First-Person,"PlayStation 5, PC, Nintendo Switch, Xbox Series X",/public/game_images/Road_96.jpg
Destroy All Humans!,"Jul 28, 2020",70,Black Forest Games,THQ Nordic,Adventure,"PC, Nintendo Switch",/public/game_images/Destroy_All_Humans!.jpg
FIFA 23,"Sep 27, 2022",76,EA Canada,Electronic Arts,Simulation,"Nintendo Switch, PC, PlayStation 5, Xbox Series X",/public/game_images/FIFA_23.jpg
Disc Room,"Oct 22, 2020",83,Terri,Devolver Digital,Puzzle,"PC, Nintendo Switch",/public/game_images/Disc_Room.jpg
Tunic,"Mar 16, 2022",85,Andrew Shouldice,Finji,Action,"Nintendo Switch, PC, PlayStation 5, Xbox Series X",/public/game_images/Tunic.jpg
I Am Dead,"Oct 8, 2020",79,Hollow Ponds,Annapurna Interactive,Adventure,"PC, Nintendo Switch, PlayStation 5, Xbox Series X",/public/game_images/I_Am_Dead.jpg
Returnal,"Apr 30, 2021",86,Housemarque,Sony Interactive Entertainment,Third-Person,"PC, PlayStation 5",/public/game_images/Returnal.jpg
Ghostbusters: Spirits Unleashed,"Oct 18, 2022",68,IllFonic,IllFonic,Adventure,"Nintendo Switch, PC, PlayStation 5, Xbox Series X",
The Forgotten City,"Jul 28, 2021",85,Modern Storyteller,Ubitus,Adventure,"PlayStation 5, PC, Nintendo Switch, Xbox Series X",/public/game_images/The_Forgotten_City.jpg
Blasphemous 2,"Aug 24, 2023",84,The Game Kitchen,Team 17,Action,"PlayStation 5, PC, Nintendo Switch, Xbox Series X",/public/game_images/Blasphemous_2.jpg
Cursed to Golf,"Aug 18, 2022",80,Chuhai Labs,Thunderful,Golf,"PC, Nintendo Switch, PlayStation 5, Xbox Series X",/public/game_images/Cursed_to_Golf.jpg
The King of Fighters XV,"Feb 14, 2022",79,SNK Corporation,SNK Corporation,2D,"PC, PlayStation 5, Xbox Series X",/public/game_images/The_King_of_Fighters_XV.jpg
Kirby and the Forgotten Land,"Mar 25, 2022",85,HAL Labs,Nintendo,Platformer,Nintendo Switch,/public/game_images/Kirby_and_the_Forgotten_Land.jpg
Sherlock Holmes: Chapter One,"Nov 16, 2021",69,Frogwares,Frogwares,3D,"PC, PlayStation 5, Xbox Series X",
Othercide,"Jul 27, 2020",78,Lightbulb Crew,Focus Home Interactive,Turn-Based,"PC, Nintendo Switch",/public/game_images/Othercide.jpg
Unicorn Overlord,"Mar 8, 2024",87,Vanillaware,Sega,Strategy,"Nintendo Switch, PlayStation 5, Xbox Series X",/public/game_images/Unicorn_Overlord.jpg
Marvel's Midnight Suns,"Dec 2, 2022",83,Firaxis Games,2K Games,Strategy,"PC, PlayStation 5, Xbox Series X",/public/game_images/Marvel's_Midnight_Suns.jpg
Princess Peach: Showtime!,"Mar 22, 2024",74,Good-Feel,Nintendo,Adventure,Nintendo Switch,
Evil Dead: The Game,"May 13, 2022",72,Saber Interactive,Saber Interactive,3D,"PC, PlayStation 5, Xbox Series X",
Alan Wake II,"Oct 27, 2023",89,Remedy Entertainment,Epic Games,Survival,"PC, PlayStation 5, Xbox Series X",/public/game_images/Alan_Wake_II.jpg
Fuser,"Nov 9, 2020",81,Harmonix Music Systems,NCSOFT,Music/Rhythm,"PC, Nintendo Switch",/public/game_images/Fuser.jpg
Mortal Kombat 1,"Sep 14, 2023",83,NetherRealm Studios,Warner Bros. Games,2D,"PC, Nintendo Switch, PlayStation 5, Xbox Series X",/public/game_images/Mortal_Kombat_1.jpg
Teardown,"Apr 21, 2022",80,Tuxedo Labs,Tuxedo Labs,Adventure,"PC, PlayStation 5, Xbox Series X",/public/game_images/Teardown.jpg
Amnesia: Rebirth,"Sep 15, 2020",80,Frictional Games,Frictional Games,3D,"PC, Xbox Series X",
Persona 5 Royal,"Mar 31, 2020",95,ATLUS,ATLUS,Role-Playing,"Nintendo Switch, PC, PlayStation 5, Xbox Series X",/public/game_images/Persona_5_Royal.jpg
Bayonetta 3,"Oct 28, 2022",86,PlatinumGames,Nintendo,Adventure,Nintendo Switch,/public/game_images/Bayonetta_3.jpg
Streets of Rage 4,"Apr 30, 2020",84,Seaven Studio,Playdigious,2D,"PC, Nintendo Switch",/public/game_images/Streets_of_Rage_4.jpg
NBA 2K23,"Sep 9, 2022",78,2K Games,2K Sports,Basketball,"Nintendo Switch, PC, PlayStation 5, Xbox Series X",/public/game_images/NBA_2K23.jpg
Signalis,"Oct 27, 2022",81,rose-engine,Humble Games,Adventure,"PC, Nintendo Switch",/public/game_images/Signalis.jpg
Kirby Fighters 2,"Sep 23, 2020",65,HAL Labs,Nintendo,2D,Nintendo Switch,/public/game_images/Kirby_Fighters_2.jpg
AEW: Fight Forever,"Jun 29, 2023",64,Yuke's,THQ Nordic,Action,"Nintendo Switch, PC, PlayStation 5, Xbox Series X",
Trials of Mana,"Apr 24, 2020",76,Xeen,Square Enix,Role-Playing,"PC, Nintendo Switch",/public/game_images/Trials_of_Mana.jpg
Salt and Sacrifice,"May 10, 2022",72,Devoured Studios,Ska Studios,Metroidvania,"Nintendo Switch, PC, PlayStation 5",/public/game_images/Salt_and_Sacrifice.jpg
Assassin's Creed Valhalla,"Nov 10, 2020",80,Ubisoft Montreal,Ubisoft,Action,"PC, PlayStation 5, Xbox Series X",/public/game_images/Assassin's_Creed_Valhalla.jpg
Overwatch 2,"Oct 4, 2022",79,Blizzard Entertainment,Blizzard Entertainment,Action,"PlayStation 5, PC, Nintendo Switch, Xbox Series X",/public/game_images/Overwatch_2.jpg
KUNAI,"Feb 6, 2020",73,TurtleBlaze,The Arcade Crew,Action,"PC, Nintendo Switch",/public/game_images/KUNAI.jpg
Tom Clancy's Rainbow Six Extraction,"Jan 20, 2022",73,Ubisoft Montreal,Ubisoft,Action,"PC, PlayStation 5, Xbox Series X",/public/game_images/Tom_Clancy's_Rainbow_Six_Extraction.jpg
Kena: Bridge of Spirits,"Sep 21, 2021",81,Emberlab,Emberlab,Action,"PC, PlayStation 5, Xbox Series X",
13 Sentinels: Aegis Rim,"Sep 22, 2020",85,Vanillaware,ATLUS,Adventure,Nintendo Switch,
The Solitaire Conspiracy,"Oct 6, 2020",70,Mike Bithell,Mike Bithell,Trivia/Board Game,"PlayStation 5, PC, Nintendo Switch, Xbox Series X",/public/game_images/The_Solitaire_Conspiracy.jpg
Thirsty Suitors,"Nov 2, 2023",80,Outerloop Games,Annapurna Interactive,Action,"PlayStation 5, PC, Nintendo Switch, Xbox Series X",/public/game_images/Thirsty_Suitors.jpg
Children of the Sun,"Apr 9, 2024",81,Rene Rother,Devolver Digital,Action,PC,/public/game_images/Children_of_the_Sun.jpg
Bravely Default II,"Feb 26, 2021",76,Claytech Works,Square Enix,Role-Playing,"PC, Nintendo Switch",/public/game_images/Bravely_Default_II.jpg
Spiritfarer,"Aug 18, 2020",84,Thunder Lotus Games,Netflix,Adventure,"PC, Nintendo Switch",/public/game_images/Spiritfarer.jpg
The Talos Principle 2,"Nov 2, 2023",88,Croteam,Devolver Digital,First-Person,"PC, PlayStation 5, Xbox Series X",/public/game_images/The_Talos_Principle_2.jpg
Sackboy: A Big Adventure,"Nov 12, 2020",79,Sumo Digital,Sony Interactive Entertainment,Platformer,"PC, PlayStation 5",
Escape Academy,"Jun 28, 2022",79,Coin Crew Games,iam8bit,3D,"Nintendo Switch, PC, PlayStation 5, Xbox Series X",/public/game_images/Escape_Academy.jpg
Voice of Cards: The Isle Dragon Roars,"Oct 28, 2021",75,A-lim,Square Enix,Card Game,"PC, Nintendo Switch",
It Takes Two,"Mar 26, 2021",88,Hazelight,Electronic Arts,Adventure,"Nintendo Switch, PC, PlayStation 5, Xbox Series X",/public/game_images/It_Takes_Two.jpg
Unpacking,"Nov 2, 2021",83,Witch Beam,Humble Games,Puzzle,"PlayStation 5, PC, Nintendo Switch",/public/game_images/Unpacking.jpg
Avatar: Frontiers of Pandora,"Dec 7, 2023",72,Massive Entertainment,Ubisoft,Action,"PC, PlayStation 5, Xbox Series X",
Serious Sam 4: Planet Badass,"Sep 24, 2020",68,Croteam,Devolver Digital,3D,"PC, PlayStation 5, Xbox Series X",
Outriders,"Apr 1, 2021",73,People Can Fly,Square Enix,3D,"PC, PlayStation 5, Xbox Series X",/public/game_images/Outriders.jpg
Persona 5 Tactica,"Nov 17, 2023",74,P-Studio,ATLUS,Turn-Based,"Nintendo Switch, PC, PlayStation 5, Xbox Series X",/public/game_images/Persona_5_Tactica.jpg
Vampire: The Masquerade - Shadows of New York,"Sep 10, 2020",64,Draw Distance,Draw Distance,Adventure,"PC, Nintendo Switch",
A Plague Tale: Requiem,"Oct 17, 2022",82,Asobo Studio,Focus Entertainment,Action,"PlayStation 5, PC, Nintendo Switch, Xbox Series X",
Theatrhythm Final Bar Line,"Feb 16, 2023",87,Indies Zero,Square Enix,Music/Rhythm,Nintendo Switch,/public/game_images/Theatrhythm_Final_Bar_Line.jpg
Loop Hero,"Mar 4, 2021",82,Four Quarters,Playdigious,Role-Playing,"PC, Nintendo Switch, Xbox Series X",/public/game_images/Loop_Hero.jpg
Axiom Verge 2,"Aug 11, 2021",76,Tom Happ,Tom Happ,Action,"PC, Nintendo Switch, PlayStation 5",/public/game_images/Axiom_Verge_2.jpg
Journey to the Savage Planet,"Jan 28, 2020",74,Typhoon Studios,505 Games,Adventure,"PlayStation 5, PC, Nintendo Switch, Xbox Series X",/public/game_images/Journey_to_the_Savage_Planet.jpg
HYPER DEMON,"Sep 19, 2022",88,Sorath,Sorath,Action,PC,/public/game_images/HYPER_DEMON.jpg
Big Brain Academy: Brain vs. Brain,"Dec 3, 2021",73,Nintendo,Nintendo,Party/Minigame,Nintendo Switch,
Octopath Traveler II,"Feb 24, 2023",85,Acquire,Square Enix,Role-Playing,"PC, Nintendo Switch, PlayStation 5, Xbox Series X",/public/game_images/Octopath_Traveler_II.jpg
Open Roads,"Mar 28, 2024",67,Open Roads Team,Annapurna Interactive,Adventure,"Nintendo Switch, PC, PlayStation 5, Xbox Series X",/public/game_images/Open_Roads.jpg
Mass Effect Legendary Edition,"May 14, 2021",87,BioWare,Electronic Arts,Compilation,"PC, Xbox Series X",/public/game_images/Mass_Effect_Legendary_Edition.jpg
Marvel's Avengers,"Sep 4, 2020",67,Eidos Montreal,Square Enix,Action,"PC, PlayStation 5, Xbox Series X",/public/game_images/Marvel's_Avengers.jpg
"El Paso, Elsewhere","Sep 26, 2023",78,Strange Scaffold,Strange Scaffold,Action,"PC, Xbox Series X","/public/game_images/El_Paso,_Elsewhere.jpg"
The Mageseeker: A League of Legends Story,"Apr 18, 2023",78,Digital Sun,Riot Forge,Action,"Nintendo Switch, PC, PlayStation 5, Xbox Series X",
NORCO,"Mar 24, 2022",89,Geography of Robots,Raw Fury,Adventure,"PC, PlayStation 5, Xbox Series X",/public/game_images/NORCO.jpg
Carrion,"Jul 23, 2020",75,Phobia Game Studio,Devolver Digital,Action,"PlayStation 5, PC, Nintendo Switch",/public/game_images/Carrion.jpg
Tales of Arise,"Sep 10, 2021",87,Bandai Namco Games,Bandai Namco Games,Role-Playing,"PC, PlayStation 5, Xbox Series X",/public/game_images/Tales_of_Arise.jpg
Valiant Hearts: Coming Home,"Feb 1, 2023",73,Old Skull Games,Netflix,2D,"PC, Nintendo Switch",
Hot Wheels Unleashed 2: Turbocharged,"Oct 16, 2023",77,Milestone S.r.l,Milestone S.r.l,Arcade,"Nintendo Switch, PC, PlayStation 5, Xbox Series X",
Life is Strange: Before the Storm,"Feb 1, 2022",77,Deck Nine Games,Square Enix,Action,PC,
The Stanley Parable: Ultra Deluxe,"Apr 27, 2022",90,Crows Crows Crows,Crows Crows Crows,3D,"Nintendo Switch, PC, PlayStation 5, Xbox Series X",
Ori and the Will of the Wisps,"Mar 11, 2020",90,Mon Studios,iam8bit,Metroidvania,"PC, Nintendo Switch, Xbox Series X",/public/game_images/Ori_and_the_Will_of_the_Wisps.jpg
NBA 2K21,"Sep 3, 2020",68,Visual Concepts,2K Games,Arcade,"PC, Nintendo Switch, PlayStation 5, Xbox Series X",/public/game_images/NBA_2K21.jpg
Mortal Shell,"Aug 18, 2020",76,Cold Symmetry,PlayStack,Role-Playing,"Nintendo Switch, PC, PlayStation 5, Xbox Series X",/public/game_images/Mortal_Shell.jpg
Twin Mirror,"Dec 1, 2020",65,DONTNOD Entertainment,DONTNOD Entertainment,Adventure,PC,/public/game_images/Twin_Mirror.jpg
Persona 5 Strikers,"Feb 19, 2021",83,Omega Force,ATLUS,Action,"PC, Nintendo Switch",/public/game_images/Persona_5_Strikers.jpg
Treachery in Beatdown City,"Mar 30, 2020",64,Nuchallenger,Nuchallenger,Action,"PC, Nintendo Switch, Xbox Series X",/public/game_images/Treachery_in_Beatdown_City.jpg
Weird West,"Mar 31, 2022",76,Devolver Digital,Devolver Digital,Role-Playing,"Nintendo Switch, PC, PlayStation 5, Xbox Series X",/public/game_images/Weird_West.jpg
Sonic Origins,"Jun 23, 2022",78,Sega,Sega,Compilation,"PC, Nintendo Switch, PlayStation 5, Xbox Series X",/public/game_images/Sonic_Origins.jpg
Resident Evil Village,"May 7, 2021",84,Capcom,Capcom,3D,"Nintendo Switch, PC, PlayStation 5, Xbox Series X",/public/game_images/Resident_Evil_Village.jpg
Eiyuden Chronicle: Rising,"May 10, 2022",71,NATSUME ATARI Inc.,505 Games,Role-Playing,"Nintendo Switch, PC, PlayStation 5, Xbox Series X",
Resolutiion,"May 28, 2020",74,Monolith of Minds,Monolith of Minds,Action,"PC, Nintendo Switch",/public/game_images/Resolutiion.jpg
Roller Champions,"May 25, 2022",69,Ubisoft Montreal,Ubisoft,Sports,"PC, Nintendo Switch",/public/game_images/Roller_Champions.jpg
Advance Wars 1 + 2: Re-Boot Camp,"Apr 21, 2023",83,WayForward,Nintendo,Turn-Based,Nintendo Switch,
Umurangi Generation,"May 19, 2020",81,ORIGAME DIGITAL,ORIGAME DIGITAL,VR,"PlayStation 5, PC, Nintendo Switch",/public/game_images/Umurangi_Generation.jpg
We Are OFK,"Aug 18, 2022",76,Team OFK,Team OFK,Adventure,"Nintendo Switch, PC, PlayStation 5",/public/game_images/We_Are_OFK.jpg
Granblue Fantasy: Versus,"Mar 3, 2020",78,Arc System Works,Xseed Games,2D,PC,
Dead Island 2,"Apr 21, 2023",73,Deep Silver Dambuster Studios,PLAION,3D,"PC, PlayStation 5, Xbox Series X",/public/game_images/Dead_Island_2.jpg
The Pathless,"Nov 12, 2020",77,Giant Squid,Annapurna Interactive,Action,"Nintendo Switch, PC, PlayStation 5, Xbox Series X",/public/game_images/The_Pathless.jpg
In Other Waters,"Apr 3, 2020",78,Jump Over The Age,Fellow Traveller,Adventure,"PC, Nintendo Switch",/public/game_images/In_Other_Waters.jpg
Bear and Breakfast,"Jul 28, 2022",72,Gummy Cat,Armor Games,Strategy,"PC, Nintendo Switch, PlayStation 5",/public/game_images/Bear_and_Breakfast.jpg
Cloudpunk,"Apr 23, 2020",73,ION LANDS,ION LANDS,Adventure,"PlayStation 5, PC, Nintendo Switch, Xbox Series X",/public/game_images/Cloudpunk.jpg
Microsoft Flight Simulator,"Aug 18, 2020",91,Asobo Studio,Xbox Game Studios,Simulation,"PC, Xbox Series X",/public/game_images/Microsoft_Flight_Simulator.jpg
MLB The Show 24,"Mar 15, 2024",80,Sony Interactive Entertainment San Diego Studio,MLBAM,Baseball,"Nintendo Switch, PlayStation 5, Xbox Series X",/public/game_images/MLB_The_Show_24.jpg
Fire Emblem Engage,"Jan 20, 2023",80,Intelligent Systems,Nintendo,Turn-Based,Nintendo Switch,/public/game_images/Fire_Emblem_Engage.jpg
Chicory: A Colorful Tale,"Jun 10, 2021",90,Greg Lobanov,Finji,Adventure,"Nintendo Switch, PC, PlayStation 5, Xbox Series X",
Before Your Eyes,"Apr 8, 2021",77,GoodbyeWorld Games,Netflix,VR,"PC, PlayStation 5",/public/game_images/Before_Your_Eyes.jpg
Olija,"Jan 28, 2021",77,Skeleton Crew Studio,Devolver Digital,Platformer,"PC, Nintendo Switch",/public/game_images/Olija.jpg
FIFA 22,"Sep 27, 2021",78,EA Canada,Electronic Arts,Simulation,"PlayStation 5, PC, Nintendo Switch, Xbox Series X",/public/game_images/FIFA_22.jpg
Maneater,"May 22, 2020",70,Blindside Interactive,Tripwire Interactive,Action,"PlayStation 5, PC, Nintendo Switch, Xbox Series X",/public/game_images/Maneater.jpg
Riders Republic,"Oct 28, 2021",77,Ubisoft,Ubisoft,Sports,"PC, PlayStation 5, Xbox Series X",/public/game_images/Riders_Republic.jpg
Lost in Random,"Sep 10, 2021",78,Zoink!,Electronic Arts,Action,"PlayStation 5, PC, Nintendo Switch, Xbox Series X",/public/game_images/Lost_in_Random.jpg
Rogue Legacy 2,"Aug 18, 2020",88,Cellar Door Games,Cellar Door Games,Role-Playing,"PlayStation 5, PC, Nintendo Switch, Xbox Series X",/public/game_images/Rogue_Legacy_2.jpg
Pacific Drive,"Feb 21, 2024",79,Ironwood,Ironwood,Survival,"PC, PlayStation 5",/public/game_images/Pacific_Drive.jpg
Capcom Fighting Collection,"Jun 24, 2022",79,Capcom,Capcom,Compilation,"PC, Nintendo Switch",/public/game_images/Capcom_Fighting_Collection.jpg
Hyrule Warriors: Age of Calamity,"Nov 20, 2020",78,Omega Force,Nintendo,3D,Nintendo Switch,
Pentiment,"Nov 14, 2022",86,Obsidian Entertainment,Limited Run Games,Adventure,"PlayStation 5, PC, Nintendo Switch, Xbox Series X",/public/game_images/Pentiment.jpg
Wild Hearts,"Feb 17, 2023",79,Omega Force,Electronic Arts,Role-Playing,"PC, PlayStation 5, Xbox Series X",/public/game_images/Wild_Hearts.jpg
Evergate,"Aug 18, 2020",70,Stone Lantern Games LLC,PQube,Platformer,"PlayStation 5, PC, Nintendo Switch, Xbox Series X",/public/game_images/Evergate.jpg
Ninjala,"Jun 24, 2020",68,Soleil Ltd.,"GungHo Online Entertainment America, Inc.",Action,Nintendo Switch,/public/game_images/Ninjala.jpg
Famicom Detective Club: The Missing Heir,"May 14, 2021",74,Mages.,Nintendo,Adventure,Nintendo Switch,
Rock of Ages 3: Make & Break,"Jul 21, 2020",72,ACE Team,Modus,Strategy,"PC, Nintendo Switch",
FIFA 21,"Oct 6, 2020",72,Electronic Arts,Electronic Arts,Simulation,"PlayStation 5, PC, Nintendo Switch, Xbox Series X",/public/game_images/FIFA_21.jpg
Helldivers 2,"Feb 8, 2024",82,Arrowhead Game Studios,PlayStation PC,Action,"PC, PlayStation 5",/public/game_images/Helldivers_2.jpg
Psychonauts 2,"Aug 25, 2021",87,Double Fine Productions,Xbox Game Studios,3D,"PC, Xbox Series X",/public/game_images/Psychonauts_2.jpg
Disney Dreamlight Valley,"Sep 6, 2022",70,Gameloft,Gameloft,Simulation,"Nintendo Switch, PC, PlayStation 5, Xbox Series X",/public/game_images/Disney_Dreamlight_Valley.jpg
Ikenfell,"Oct 8, 2020",73,Happy Ray Games,Humble Games,Role-Playing,"PC, Nintendo Switch",/public/game_images/Ikenfell.jpg
Nioh 2,"Mar 13, 2020",85,Team Ninja,Koei Tecmo Games,Role-Playing,"PC, PlayStation 5",/public/game_images/Nioh_2.jpg
Paper Mario: The Origami King,"Jul 17, 2020",80,Intelligent Systems,Nintendo,Role-Playing,Nintendo Switch,
Another Code: Recollection,"Jan 19, 2024",73,Arc System Works,Nintendo,Compilation,Nintendo Switch,
Biomutant,"May 25, 2021",66,Experiment 101,THQ Nordic,Action,"Nintendo Switch, PC, PlayStation 5, Xbox Series X",/public/game_images/Biomutant.jpg
Resident Evil 3,"Apr 3, 2020",79,Capcom,Capcom,3D,"Nintendo Switch, PC, PlayStation 5, Xbox Series X",/public/game_images/Resident_Evil_3.jpg
Gnosia,"Mar 4, 2021",82,Petit Depotto,Petit Depotto,Adventure,"PC, Nintendo Switch, PlayStation 5, Xbox Series X",/public/game_images/Gnosia.jpg
Panzer Paladin,"Jul 21, 2020",77,Tribute Games,Tribute Games,Platformer,"PC, Nintendo Switch",/public/game_images/Panzer_Paladin.jpg
Cult of the Lamb,"Aug 11, 2022",82,Massive Monster,Devolver Digital,Adventure,"Nintendo Switch, PC, PlayStation 5, Xbox Series X",/public/game_images/Cult_of_the_Lamb.jpg
Grounded,"Jul 28, 2020",82,Double Eleven,Xbox Game Studios,Adventure,"PlayStation 5, PC, Nintendo Switch, Xbox Series X",/public/game_images/Grounded.jpg
New Tales from the Borderlands,"Oct 21, 2022",69,Mass Media,2K Games,Adventure,"Nintendo Switch, PC, PlayStation 5, Xbox Series X",/public/game_images/New_Tales_from_the_Borderlands.jpg
Dying Light 2 Stay Human,"Feb 4, 2022",76,Techland,Techland,3D,"Nintendo Switch, PC, PlayStation 5, Xbox Series X",/public/game_images/Dying_Light_2_Stay_Human.jpg
"Warhammer 40,000: Boltgun","May 23, 2023",75,Auroch Digital,Focus Entertainment,Shooter,"Nintendo Switch, PC, PlayStation 5, Xbox Series X",
Sonic Frontiers,"Nov 8, 2022",70,Sonic Team,Sega,3D,"PC, Nintendo Switch, PlayStation 5, Xbox Series X",/public/game_images/Sonic_Frontiers.jpg
WarioWare: Move It!,"Nov 3, 2023",75,Intelligent Systems,Nintendo,Party/Minigame,Nintendo Switch,
Game Builder Garage,"Jun 11, 2021",77,Nintendo,Nintendo,,Nintendo Switch,/public/game_images/Game_Builder_Garage.jpg
Marvel's Guardians of the Galaxy,"Oct 26, 2021",80,Eidos Montreal,Square Enix,Action,"Nintendo Switch, PC, PlayStation 5, Xbox Series X",/public/game_images/Marvel's_Guardians_of_the_Galaxy.jpg
Ratchet & Clank: Rift Apart,"Jun 11, 2021",88,Nixxes Software,Sony Interactive Entertainment,Platformer,"PC, PlayStation 5",
Good Job!,"Mar 26, 2020",78,Paladin Studios,Nintendo,Action,Nintendo Switch,/public/game_images/Good_Job!.jpg
Star Renegades,"Sep 8, 2020",77,"Massive Damage, Inc.",Raw Fury,Strategy,"PC, Nintendo Switch",/public/game_images/Star_Renegades.jpg
Life is Strange: True Colors,"Sep 10, 2021",81,Deck Nine Games,Square Enix,Action,"Nintendo Switch, PC, PlayStation 5, Xbox Series X",
Spelunky 2,"Sep 15, 2020",87,Mossmouth,Mossmouth,Platformer,"PC, Nintendo Switch, Xbox Series X",/public/game_images/Spelunky_2.jpg
Sonic Superstars,"Oct 17, 2023",73,Arzest,Sega,2D,"Nintendo Switch, PC, PlayStation 5, Xbox Series X",/public/game_images/Sonic_Superstars.jpg
Grapple Dog,"Feb 10, 2022",76,Joseph Gribbin,"H2 Interactive Co., Ltd.",Platformer,"PC, Nintendo Switch, Xbox Series X",/public/game_images/Grapple_Dog.jpg
Deathloop,"Sep 14, 2021",88,Arkane Studios,Bethesda Softworks,3D,"PC, PlayStation 5, Xbox Series X",/public/game_images/Deathloop.jpg
Dragon Quest Treasures,"Dec 9, 2022",72,TOSE,Square Enix,Role-Playing,"PC, Nintendo Switch",/public/game_images/Dragon_Quest_Treasures.jpg
Necrobarista,"Jul 17, 2020",81,Route 59,Route 59,Adventure,"PC, Nintendo Switch",/public/game_images/Necrobarista.jpg
Dead Space,"Jan 27, 2023",89,Motive Studios,Electronic Arts,3D,"PC, PlayStation 5, Xbox Series X",/public/game_images/Dead_Space.jpg
Return to Monkey Island,"Sep 19, 2022",87,Terrible Toybox,Devolver Digital,Adventure,"PlayStation 5, PC, Nintendo Switch, Xbox Series X",/public/game_images/Return_to_Monkey_Island.jpg
DIRT 5,"Nov 3, 2020",79,Codemasters,Deep Silver,Driving/Racing,"PC, PlayStation 5, Xbox Series X",/public/game_images/DIRT_5.jpg
Humanity,"May 16, 2023",86,Tha Ltd.,Enhance Games,Action,"PC, PlayStation 5, Xbox Series X",/public/game_images/Humanity.jpg
Like a Dragon Gaiden: The Man Who Erased His Name,"Nov 9, 2023",78,Ryu ga Gotoku Studios,Sega,Action,"PC, PlayStation 5, Xbox Series X",
Crusader Kings III,"Sep 1, 2020",91,Paradox Interactive,Paradox Interactive,Real-Time,"PC, PlayStation 5, Xbox Series X",/public/game_images/Crusader_Kings_III.jpg
Desta: The Memories Between,"Sep 27, 2022",73,ustwo,Netflix,Strategy,"PC, Nintendo Switch",
Digimon Survive,"Jul 29, 2022",70,Hyde,Bandai Namco Games,Strategy,"PC, Nintendo Switch, Xbox Series X",/public/game_images/Digimon_Survive.jpg
Call of Duty: Warzone,"Nov 14, 2022",79,Infinity Ward,Activision,Action,"PC, PlayStation 5, Xbox Series X",
Bugsnax,"Nov 12, 2020",75,"Young Horses, Inc","Young Horses, Inc",Adventure,"Nintendo Switch, PC, PlayStation 5, Xbox Series X",/public/game_images/Bugsnax.jpg
A Total War Saga: TROY,"Aug 13, 2020",75,Creative Assembly,Sega,Strategy,PC,
The Legend of Zelda: Tears of the Kingdom,"May 12, 2023",96,Nintendo,Nintendo,Action,Nintendo Switch,
Mario Golf: Super Rush,"Jun 25, 2021",70,Camelot Software Planning,Nintendo,Arcade,Nintendo Switch,
Minecraft Legends,"Apr 18, 2023",71,Mojang AB,Mojang AB,Real-Time,"PlayStation 5, PC, Nintendo Switch, Xbox Series X",/public/game_images/Minecraft_Legends.jpg
Guilty Gear -Strive-,"Jun 8, 2021",87,Arc System Works,Arc System Works,2D,"PC, PlayStation 5, Xbox Series X",/public/game_images/Guilty_Gear_-Strive-.jpg
NEO: The World Ends with You,"Jul 27, 2021",80,h.a.n.d. Inc.,Square Enix,Action,"PC, Nintendo Switch",
Super Mario Bros. Wonder,"Oct 20, 2023",92,Nintendo,Nintendo,Platformer,Nintendo Switch,/public/game_images/Super_Mario_Bros._Wonder.jpg
OlliOlli World,"Feb 8, 2022",84,roll7,Private Division,2D,"PC, Nintendo Switch, PlayStation 5, Xbox Series X",/public/game_images/OlliOlli_World.jpg
Mundaun,"Mar 16, 2021",72,Hidden Fields,MWM Interactive,3D,"PlayStation 5, PC, Nintendo Switch, Xbox Series X",/public/game_images/Mundaun.jpg
Another Crab's Treasure,"Apr 25, 2024",79,Aggro Crab,Aggro Crab,Action,"PC, Nintendo Switch, PlayStation 5, Xbox Series X",/public/game_images/Another_Crab's_Treasure.jpg
Disney TRON: Identity,"Apr 11, 2023",67,Bithell Games,Bithell Games,Adventure,"PC, Nintendo Switch",
LEGO Star Wars: The Skywalker Saga,"Apr 5, 2022",82,TT Games,Warner Bros. Interactive Entertainment,Action,"PlayStation 5, PC, Nintendo Switch, Xbox Series X",
The Medium,"Jan 28, 2021",71,Bloober Team,Bloober Team,3D,"Nintendo Switch, PC, PlayStation 5, Xbox Series X",/public/game_images/The_Medium.jpg
Nintendo Switch Sports,"Apr 29, 2022",72,Nintendo,Nintendo,Sports,Nintendo Switch,/public/game_images/Nintendo_Switch_Sports.jpg
Tell Me Why,"Aug 27, 2020",78,DONTNOD Entertainment,Xbox Game Studios,Adventure,"PC, Xbox Series X",/public/game_images/Tell_Me_Why.jpg
The Pedestrian,"Jan 29, 2020",81,Skookum Arts,Skookum Arts,Action,"PlayStation 5, PC, Nintendo Switch, Xbox Series X",/public/game_images/The_Pedestrian.jpg
Immortals Fenyx Rising,"Dec 3, 2020",81,Ubisoft Quebec,Ubisoft,Action,"PlayStation 5, PC, Nintendo Switch, Xbox Series X",/public/game_images/Immortals_Fenyx_Rising.jpg
Stray Gods: The Roleplaying Musical,"Aug 10, 2023",75,Summerfall Studios,Humble Games,Role-Playing,"Nintendo Switch, PC, PlayStation 5, Xbox Series X",
Pepper Grinder,"Mar 28, 2024",78,Ahr Ech,Devolver Digital,Platformer,"PC, Nintendo Switch",/public/game_images/Pepper_Grinder.jpg
Age of Empires IV,"Oct 28, 2021",81,Relic,Xbox Game Studios,Real-Time,"PC, Xbox Series X",/public/game_images/Age_of_Empires_IV.jpg
Horizon Forbidden West,"Feb 18, 2022",88,Nixxes Software,PlayStation PC,Action,"PC, PlayStation 5",/public/game_images/Horizon_Forbidden_West.jpg
Unsighted,"Sep 30, 2021",84,Studio Pixel Punk,Humble Games,Action,"PC, Nintendo Switch",/public/game_images/Unsighted.jpg
Tetris Effect: Connected,"Nov 10, 2020",88,Monstars Inc.,Enhance Games,Matching/Stacking,"PlayStation 5, PC, Nintendo Switch, Xbox Series X",
Fall Guys,"Aug 4, 2020",81,Mediatonic,Epic Games,Party/Minigame,"PlayStation 5, PC, Nintendo Switch, Xbox Series X",/public/game_images/Fall_Guys.jpg
Project CARS 3,"Aug 3, 2020",70,Slightly Mad Studios,Bandai Namco Games,Simulation,PC,/public/game_images/Project_CARS_3.jpg
Half-Life: Alyx,"Mar 23, 2020",93,Valve Software,Valve Software,3D,PC,
SpongeBob SquarePants: The Cosmic Shake,"Jan 31, 2023",70,HandyGames,HandyGames,3D,"PC, Nintendo Switch, PlayStation 5, Xbox Series X",
Xenoblade Chronicles 3,"Jul 29, 2022",89,Monolith Soft,Nintendo,Role-Playing,Nintendo Switch,/public/game_images/Xenoblade_Chronicles_3.jpg
New Pokemon Snap,"Apr 30, 2021",79,Bandai Namco Games,Nintendo,Action,Nintendo Switch,/public/game_images/New_Pokemon_Snap.jpg
MLB The Show 23,"Mar 24, 2023",82,Sony Interactive Entertainment San Diego Studio,MLBAM,Baseball,"Nintendo Switch, PlayStation 5, Xbox Series X",/public/game_images/MLB_The_Show_23.jpg
Master Detective Archives: RAIN CODE,"Jun 30, 2023",77,Too Kyo Games,Spike Chunsoft,Adventure,"PC, Nintendo Switch, PlayStation 5, Xbox Series X",
Viewfinder,"Jul 18, 2023",84,Sad Owl Studios,Thunderful,First-Person,"PC, PlayStation 5",/public/game_images/Viewfinder.jpg
Final Fantasy VII Remake,"Apr 10, 2020",87,Square Enix,Square Enix,Role-Playing,"PC, PlayStation 5",/public/game_images/Final_Fantasy_VII_Remake.jpg
Super Mario 3D All-Stars,"Sep 18, 2020",82,Nintendo,Nintendo,Compilation,Nintendo Switch,/public/game_images/Super_Mario_3D_All-Stars.jpg
RiffTrax: The Game,"May 5, 2022",79,Wide Right Interactive,Wide Right Interactive,Party/Minigame,"PC, Nintendo Switch",
Nickelodeon All-Star Brawl,"Oct 5, 2021",65,Ludosity Interactive,GameMill Entertainment,2D,"PC, Nintendo Switch, PlayStation 5, Xbox Series X",/public/game_images/Nickelodeon_All-Star_Brawl.jpg
If Found...,"May 18, 2020",84,dreamfeel,Annapurna Interactive,Adventure,"PC, Nintendo Switch",/public/game_images/If_Found....jpg
Granblue Fantasy: Relink,"Jan 29, 2024",80,Cygames,Cygames,Role-Playing,"PC, PlayStation 5",
WarioWare: Get It Together!,"Sep 10, 2021",76,Intelligent Systems,Nintendo,Party/Minigame,Nintendo Switch,
Sam & Max: Beyond Time and Space,"Dec 8, 2021",80,Telltale Games,Telltale Games,Adventure,"PC, Nintendo Switch",
Watch Dogs: Legion,"Oct 29, 2020",76,Ubisoft,Ubisoft,Action,"PC, PlayStation 5, Xbox Series X",
Aragami 2,"Sep 17, 2021",64,Lince Works,Arc System Works,Adventure,"Nintendo Switch, PC, PlayStation 5, Xbox Series X",/public/game_images/Aragami_2.jpg
Sea of Stars,"Aug 29, 2023",87,Sabotage Studio,Sabotage Studio,Role-Playing,"PlayStation 5, PC, Nintendo Switch, Xbox Series X",/public/game_images/Sea_of_Stars.jpg
Balatro,"Feb 20, 2024",90,LocalThunk,PlayStack,Card Game,"Nintendo Switch, PC, PlayStation 5, Xbox Series X",/public/game_images/Balatro.jpg
Venba,"Jul 31, 2023",79,Visai Games,Visai Games,Adventure,"PlayStation 5, PC, Nintendo Switch, Xbox Series X",/public/game_images/Venba.jpg
Ghost of Tsushima,"Jul 17, 2020",83,Nixxes Software,PlayStation PC,Action,"PC, PlayStation 5",/public/game_images/Ghost_of_Tsushima.jpg
Monster Hunter Rise,"Mar 26, 2021",88,Capcom,Capcom,Action,"PC, Nintendo Switch, PlayStation 5, Xbox Series X",/public/game_images/Monster_Hunter_Rise.jpg
Scarlet Nexus,"Jun 25, 2021",80,Bandai Namco Games,Bandai Namco Games,Action,"PC, PlayStation 5, Xbox Series X",/public/game_images/Scarlet_Nexus.jpg
XCOM: Chimera Squad,"Apr 23, 2020",77,Firaxis Games,2K Games,Strategy,PC,
NBA 2K24,"Sep 8, 2023",68,Visual Concepts,2K Games,Basketball,"Nintendo Switch, PC, PlayStation 5, Xbox Series X",/public/game_images/NBA_2K24.jpg
Cyberpunk 2077,"Dec 10, 2020",86,CD Projekt Red Studio,Warner Bros. Interactive Entertainment,Action,"PC, PlayStation 5, Xbox Series X",/public/game_images/Cyberpunk_2077.jpg
Call of Duty: Warzone Caldera,"Mar 10, 2020",79,Infinity Ward,Activision,First-Person,PC,
THE FINALS,"Dec 7, 2023",80,Embark Studios,Embark Studios,First-Person,"PC, PlayStation 5, Xbox Series X",/public/game_images/THE_FINALS.jpg
Death's Door,"Jul 20, 2021",85,Acid Nerve,Devolver Digital,Adventure,"Nintendo Switch, PC, PlayStation 5, Xbox Series X",/public/game_images/Death's_Door.jpg
Nickelodeon All-Star Brawl 2,"Nov 7, 2023",77,Ludosity Interactive,GameMill Entertainment,2D,"Nintendo Switch, PC, PlayStation 5, Xbox Series X",/public/game_images/Nickelodeon_All-Star_Brawl_2.jpg
Ultros,"Feb 13, 2024",79,Hadoque,Kepler Interactive,Platformer,"PC, PlayStation 5",/public/game_images/Ultros.jpg
EA Sports FC 24,"Sep 22, 2023",75,EA Canada,Electronic Arts,Simulation,"Nintendo Switch, PC, PlayStation 5, Xbox Series X",/public/game_images/EA_Sports_FC_24.jpg
WindJammers 2,"Jan 20, 2022",78,DotEmu,DotEmu,Sports,"PC, Nintendo Switch, PlayStation 5, Xbox Series X",/public/game_images/WindJammers_2.jpg
Planet of Lana,"May 23, 2023",80,Wishfully,Thunderful,Adventure,"PlayStation 5, PC, Nintendo Switch, Xbox Series X",/public/game_images/Planet_of_Lana.jpg
SIFU,"Feb 6, 2022",81,Sloclap,Sloclap,3D,"Nintendo Switch, PC, PlayStation 5, Xbox Series X",/public/game_images/SIFU.jpg
Oxenfree II: Lost Signals,"Jul 12, 2023",73,Night School Studio,Netflix,Adventure,"PC, Nintendo Switch, PlayStation 5",
Animal Well,"May 9, 2024",91,Shared Memory,Limited Run Games,Metroidvania,"Nintendo Switch, PC, PlayStation 5",/public/game_images/Animal_Well.jpg
The Big Con,"Aug 31, 2021",77,Mighty Yell,Mighty Yell,Adventure,"Nintendo Switch, PC, PlayStation 5, Xbox Series X",/public/game_images/The_Big_Con.jpg
Bright Memory: Infinite,"Nov 11, 2021",67,FYQD-Studio,Playism,Shooter,"Nintendo Switch, PC, PlayStation 5, Xbox Series X",
Armored Core VI: Fires of Rubicon,"Aug 24, 2023",86,From Software,From Software,Simulation,"PC, PlayStation 5, Xbox Series X",
Bloodstained: Curse of the Moon 2,"Jul 10, 2020",82,Inti,Limited Run Games,Platformer,"PC, Nintendo Switch",
WWE 2K24,"Mar 5, 2024",81,Visual Concepts,2K Games,Action,"PC, PlayStation 5, Xbox Series X",/public/game_images/WWE_2K24.jpg
Monster Hunter Stories 2: Wings of Ruin,"Jul 9, 2021",81,Capcom,Capcom,Role-Playing,"PC, Nintendo Switch",
Sam & Max: Save the World,"Dec 2, 2020",75,Skunkape Games,Skunkape Games,Adventure,"PC, Nintendo Switch",
